product_key,product_id,product_name,category,segment,size,color,current_price,current_cogs
1,536,SaigonFlex UC-01,Streetwear,Everyday,S,green,11059.65,9704.842875
2,537,SaigonFlex UC-02,Streetwear,Everyday,M,silver,9523.076012658228,5393.87025356962
3,538,SaigonFlex UC-03,Streetwear,Everyday,L,pink,15951.633157894736,11371.919278263158
4,539,SaigonFlex UC-04,Streetwear,Everyday,XL,yellow,15753.7172985782,8573.172953886256
5,540,SaigonFlex UC-05,Streetwear,Everyday,S,red,15766.334536082471,14063.570406185569
6,541,SaigonFlex UC-06,Streetwear,Everyday,M,black,16095.853846153846,15291.061153846153
7,542,SaigonFlex UC-07,Streetwear,Everyday,L,orange,9213.817741935483,6152.066106290323
8,543,SaigonFlex UC-08,Streetwear,Everyday,XL,blue,40.39417781955786,22.4877477162706
9,544,SaigonFlex UC-09,Streetwear,Everyday,S,white,11334.106451612904,8528.91510483871
10,545,SaigonFlex UC-10,Streetwear,Everyday,M,purple,10045.678411214954,9091.338962149532
11,546,SaigonFlex UC-11,Streetwear,Everyday,L,green,16066.115625,13338.089191875
12,547,SaigonFlex UC-12,Streetwear,Everyday,XL,silver,6544.421470588235,4298.376021882353
13,548,SaigonFlex UC-13,Streetwear,Everyday,S,pink,6163.409553488373,4883.885730184186
14,549,SaigonFlex UC-14,Streetwear,Everyday,M,yellow,6655.753057615516,5205.464466361095
15,550,SaigonFlex UC-15,Streetwear,Everyday,L,red,5184.6242217898825,3404.7427264494163
16,551,SaigonFlex UC-16,Streetwear,Everyday,XL,black,11245.40662055336,10683.136289525692
17,552,SaigonFlex UC-17,Streetwear,Everyday,S,orange,11588.85,11009.4075
18,553,SaigonFlex UC-18,Streetwear,Everyday,M,blue,11516.617241379312,9748.816494827586
19,554,SaigonFlex UC-19,Streetwear,Everyday,L,white,10501.44709090909,6426.885619636364
20,555,SaigonFlex UC-20,Streetwear,Everyday,XL,purple,10520.478996539792,9994.455046712805
21,556,SaigonFlex UC-21,Streetwear,Everyday,S,green,10268.64391304348,9686.411803173914
22,557,SaigonFlex UC-22,Streetwear,Everyday,M,silver,10090.442604501608,7554.714377990354
23,558,SaigonFlex UC-23,Streetwear,Everyday,L,pink,18269.37,14094.818955
24,559,SaigonFlex UC-24,Streetwear,Everyday,XL,yellow,7658.988223707352,6569.1141994737945
25,560,SaigonFlex UC-25,Streetwear,Everyday,S,red,8428.274494382023,7354.512323797754
26,561,SaigonFlex UC-26,Streetwear,Everyday,M,black,8951.670000000002,7753.936554000001
27,562,SaigonFlex UC-27,Streetwear,Everyday,L,orange,11109.750837988828,10554.263296089386
28,563,SaigonFlex UC-28,Streetwear,Everyday,XL,blue,9445.094755700327,8972.84001791531
29,564,SaigonFlex UC-29,Streetwear,Everyday,S,white,11503.8,7876.651859999999
30,565,SaigonFlex UC-30,Streetwear,Everyday,M,purple,10752.791426927502,9051.699823187571
31,566,SaigonFlex UC-31,Streetwear,Everyday,L,green,11783.942843326886,9612.16217730174
32,567,SaigonFlex UC-32,Streetwear,Everyday,XL,silver,10134.776887966806,8711.854212896265
33,568,SaigonFlex UC-33,Streetwear,Everyday,S,pink,10532.698282442749,7628.833365973283
34,569,SaigonFlex UC-34,Streetwear,Everyday,M,yellow,12601.622727272726,11971.54159090909
35,570,SaigonFlex UC-35,Streetwear,Everyday,L,red,6934.761627906977,6364.030745930232
36,571,SaigonFlex UC-36,Streetwear,Everyday,XL,black,6325.199999999999,6008.939999999999
37,572,SaigonFlex UC-37,Streetwear,Everyday,S,orange,5428.175373134329,5156.766604477612
38,573,SaigonFlex UC-38,Streetwear,Everyday,M,blue,3743.690322580645,2813.7576464516133
39,574,SaigonFlex UC-39,Streetwear,Everyday,L,white,10912.659378640778,10134.58676494369
40,575,SaigonFlex UC-40,Streetwear,Everyday,XL,purple,11157.957055214723,10600.059202453987
41,576,SaigonFlex UC-41,Streetwear,Everyday,S,green,18775.840588235293,12572.302857882352
42,577,SaigonFlex UC-42,Streetwear,Everyday,M,silver,12288.258347826088,9234.626148391304
43,578,SaigonFlex UC-43,Streetwear,Everyday,L,pink,9414.213956043955,6648.317895758242
44,579,SaigonFlex UC-44,Streetwear,Everyday,XL,yellow,15941.109130434785,14039.334811173912
45,580,SaigonFlex UC-45,Streetwear,Everyday,S,red,9901.548539325842,9406.47111235955
46,581,SaigonFlex UC-46,Streetwear,Everyday,M,black,16696.35,14125.112099999997
47,582,SaigonFlex UC-47,Streetwear,Everyday,L,orange,4283.701578947369,3193.499527105263
48,583,SaigonFlex UC-48,Streetwear,Everyday,XL,blue,6610.571739130435,4418.506150434782
49,584,SaigonFlex UC-49,Streetwear,Everyday,S,white,7436.313925233644,4666.286988084112
50,585,SaigonFlex UC-50,Streetwear,Everyday,M,purple,5044.252669537136,4792.040036060279
51,586,SaigonFlex UC-51,Streetwear,Everyday,L,green,4552.686272040302,4325.051958438287
52,587,SaigonFlex UC-52,Streetwear,Everyday,XL,silver,31.33370262797137,19.58344028160639
53,588,SaigonFlex UC-53,Streetwear,Everyday,S,pink,7437.165180722891,6317.871821024096
54,589,SaigonFlex UC-54,Streetwear,Everyday,M,yellow,10207.29366412214,7250.240689625954
55,590,SaigonFlex UC-55,Streetwear,Everyday,L,red,10658.332964467008,10125.416316243656
56,591,SaigonFlex UC-56,Streetwear,Everyday,XL,black,11048.621805273831,10496.190715010142
57,592,SaigonFlex UC-57,Streetwear,Everyday,S,orange,11573.637804878048,7346.945278536587
58,593,SaigonFlex UC-58,Streetwear,Everyday,M,blue,10942.190633484162,8946.335061936654
59,594,SaigonFlex UC-59,Streetwear,Everyday,L,white,42.90873487037344,24.500482522900096
60,595,SaigonFlex UC-60,Streetwear,Everyday,XL,purple,8975.727475247524,5284.908337425743
61,596,SaigonFlex UC-61,Streetwear,Everyday,S,green,9577.146989690722,5842.05966371134
62,597,SaigonFlex UC-62,Streetwear,Everyday,M,silver,60.89870697563103,38.963323338682926
63,598,SaigonFlex UC-63,Streetwear,Everyday,L,pink,11489.45256880734,7924.275436706423
64,599,SaigonFlex UC-64,Streetwear,Everyday,XL,yellow,10648.856285414482,10116.413471143758
65,600,SaigonFlex UC-65,Streetwear,Everyday,S,red,9148.348757120662,4647.361168617297
66,601,SaigonFlex UC-66,Streetwear,Everyday,M,black,15754.49563106796,14966.770849514562
67,602,SaigonFlex UC-67,Streetwear,Everyday,L,orange,15756.270560747664,11752.60221126168
68,603,SaigonFlex UC-68,Streetwear,Everyday,XL,blue,11026.336363636365,8163.899443636364
69,604,SaigonFlex UC-69,Streetwear,Everyday,S,white,6135.298830630299,4141.940240558514
70,605,SaigonFlex UC-70,Streetwear,Everyday,M,purple,4940.962741935484,3748.214336032258
71,606,SaigonFlex UC-71,Streetwear,Everyday,L,green,4042.8549822064056,3552.4566728647687
72,607,SaigonFlex UC-72,Streetwear,Everyday,XL,silver,11408.04,7676.470116
73,608,SaigonFlex UC-73,Streetwear,Everyday,S,pink,11699.1,11114.145
74,609,SaigonFlex UC-74,Streetwear,Everyday,M,yellow,10426.571033557047,8987.704230926174
75,610,SaigonFlex UC-75,Streetwear,Everyday,L,red,11122.506,9587.600172
76,611,SaigonFlex UC-76,Streetwear,Everyday,XL,black,17959.956617647054,12395.962057499995
77,612,SaigonFlex UC-77,Streetwear,Everyday,S,orange,11727.45,7625.187989999999
78,613,SaigonFlex UC-78,Streetwear,Everyday,M,blue,30.15463522343498,17.203640475749392
79,614,SaigonFlex UC-79,Streetwear,Everyday,L,white,8263.487647058824,6609.137420117648
80,615,SaigonFlex UC-80,Streetwear,Everyday,XL,purple,8328.96637057599,4873.278223424012
81,616,SaigonFlex UC-81,Streetwear,Everyday,S,green,8545.56230769231,7898.663241
82,617,SaigonFlex UC-82,Streetwear,Everyday,M,silver,10151.263043478262,6680.546208913043
83,618,SaigonFlex UC-83,Streetwear,Everyday,L,pink,14262.4125,13549.291875
84,619,SaigonFlex UC-84,Streetwear,Everyday,XL,yellow,11336.85,6509.61927
85,620,SaigonFlex UC-85,Streetwear,Everyday,S,red,30.15483325288156,17.16017393108335
86,621,SaigonFlex UC-86,Streetwear,Everyday,M,black,62.2827889133325,34.48317542707641
87,622,SaigonFlex UC-87,Streetwear,Everyday,L,orange,9946.84289008455,7374.589318708685
88,623,SaigonFlex UC-88,Streetwear,Everyday,XL,blue,17011.958108108105,9844.820157162165
89,624,SaigonFlex UC-89,Streetwear,Everyday,S,white,45.01401526716507,26.88267126437134
90,625,SaigonFlex UC-90,Streetwear,Everyday,M,purple,16075.5,8733.81915
91,626,SaigonFlex UC-91,Streetwear,Everyday,L,green,17013.896946107783,16163.202098802392
92,627,SaigonFlex UC-92,Streetwear,Everyday,XL,silver,11006.55,7708.987620000001
93,628,SaigonFlex UC-93,Streetwear,Everyday,S,pink,11516.4,9278.76348
94,629,SaigonFlex UC-94,Streetwear,Everyday,M,yellow,9968.7,9470.265
95,630,SaigonFlex UC-95,Streetwear,Everyday,L,red,6176.85,3866.090415
96,631,SaigonFlex UC-96,Streetwear,Everyday,XL,black,4677.019784172662,4443.168794964029
97,632,SaigonFlex UC-97,Streetwear,Everyday,S,orange,4844.7,2618.07588
98,633,SaigonFlex UC-98,Streetwear,Everyday,M,blue,6803.801506849315,3769.3060347945207
99,634,SaigonFlex UC-99,Streetwear,Everyday,L,white,10788.273954983924,6005.8321107395495
100,635,SaigonFlex UC-00,Streetwear,Everyday,XL,purple,10745.220588235294,9205.430477941176
101,636,SaigonFlex UC-01,Streetwear,Everyday,S,green,10891.997347272134,9183.042963485135
102,637,SaigonFlex UC-02,Streetwear,Everyday,M,silver,10938.358303886926,8362.374923321555
103,638,SaigonFlex UC-03,Streetwear,Everyday,L,pink,12105.45,11500.1775
104,639,SaigonFlex UC-04,Streetwear,Everyday,XL,yellow,10586.428125,10057.10671875
105,640,SaigonFlex UC-05,Streetwear,Everyday,S,red,9757.343076923078,9269.475923076923
106,641,SaigonFlex UC-06,Streetwear,Everyday,M,black,9957.778918764305,8252.011389979976
107,642,SaigonFlex UC-07,Streetwear,Everyday,L,orange,10862.120949720673,7602.398452709498
108,643,SaigonFlex UC-08,Streetwear,Everyday,XL,blue,13917.75,9639.43365
109,644,SaigonFlex UC-09,Streetwear,Everyday,S,white,10607.752256033578,8623.041808929696
110,645,SaigonFlex UC-10,Streetwear,Everyday,M,purple,8950.095000000001,8502.590250000001
111,646,SaigonFlex UC-11,Streetwear,Everyday,L,green,11258.1,8881.51509
112,647,SaigonFlex UC-12,Streetwear,Everyday,XL,silver,11033.912927650028,6038.860545302861
113,648,SaigonFlex UC-13,Streetwear,Everyday,S,pink,10560.816,10032.7752
114,649,SaigonFlex UC-14,Streetwear,Everyday,M,yellow,10084.343684210527,9580.1265
115,650,SaigonFlex UC-15,Streetwear,Everyday,L,red,6110.106266552755,5804.600953225117
116,651,SaigonFlex UC-16,Streetwear,Everyday,XL,black,9885.465808383236,5627.795684712575
117,652,SaigonFlex UC-17,Streetwear,Everyday,S,orange,9960.631578947368,9462.6
118,653,SaigonFlex UC-18,Streetwear,Everyday,M,blue,10584.532361623616,10055.305743542434
119,654,SaigonFlex UC-19,Streetwear,Everyday,L,white,12297.939230769232,11683.04226923077
120,655,SaigonFlex UC-20,Streetwear,Everyday,XL,purple,11836.938926174498,7837.237263020134
121,656,SaigonFlex UC-21,Streetwear,Everyday,S,green,10963.752007822686,8877.35000073403
122,657,SaigonFlex UC-22,Streetwear,Everyday,M,silver,11020.21447260834,10469.203748977923
123,658,SaigonFlex UC-23,Streetwear,Everyday,L,pink,11169.79043478261,8112.6187927826095
124,659,SaigonFlex UC-24,Streetwear,Everyday,XL,yellow,18102.50513513513,10184.469389027028
125,660,SaigonFlex UC-25,Streetwear,Everyday,S,red,8500.351456310678,5856.742153398059
126,661,SaigonFlex UC-26,Streetwear,Everyday,M,black,27.4457202657164,16.64539331995362
127,662,SaigonFlex UC-27,Streetwear,Everyday,L,orange,10139.144776119403,5848.258706865672
128,663,SaigonFlex UC-28,Streetwear,Everyday,XL,blue,8397.9,7978.004999999999
129,664,SaigonFlex UC-29,Streetwear,Everyday,S,white,41.1417745385124,22.89831299904119
130,665,SaigonFlex UC-30,Streetwear,Everyday,M,purple,27.512292997345988,17.265415450344953
131,666,SaigonFlex UC-31,Streetwear,Everyday,L,green,9766.924054054054,7154.271869594596
132,667,SaigonFlex UC-32,Streetwear,Everyday,XL,silver,9799.404146341463,9309.43393902439
133,668,SaigonFlex UC-33,Streetwear,Everyday,S,pink,16826.67,12741.154524
134,669,SaigonFlex UC-34,Streetwear,Everyday,M,yellow,16376.85,13867.91658
135,670,SaigonFlex UC-35,Streetwear,Everyday,L,red,10899.88914893617,10354.894691489362
136,671,SaigonFlex UC-36,Streetwear,Everyday,XL,black,11194.626315789474,7866.463912105264
137,672,SaigonFlex UC-37,Streetwear,Everyday,S,orange,11024.427272727276,10473.20590909091
138,673,SaigonFlex UC-38,Streetwear,Everyday,M,blue,27.486860722153324,16.36372210394695
139,674,SaigonFlex UC-39,Streetwear,Everyday,L,white,8419.577208862469,6274.268936044312
140,675,SaigonFlex UC-40,Streetwear,Everyday,XL,purple,7873.649577861162,5241.488523982176
141,676,SaigonFlex UC-41,Streetwear,Everyday,S,green,9891.036652260638,9195.696775606715
142,677,SaigonFlex UC-42,Streetwear,Everyday,M,silver,36.480756727820456,21.977431584878826
143,678,SaigonFlex UC-43,Streetwear,Everyday,L,pink,15.4049348383473,9.151706300666453
144,679,SaigonFlex UC-44,Streetwear,Everyday,XL,yellow,16.610464145853648,9.801441325584722
145,680,SaigonFlex UC-45,Streetwear,Everyday,S,red,26.44547294094096,16.0250054413446
146,681,SaigonFlex UC-46,Streetwear,Everyday,M,black,8907.554838709679,8272.446178709677
147,682,SaigonFlex UC-47,Streetwear,Everyday,L,orange,11641.827272727272,11059.735909090909
148,683,SaigonFlex UC-48,Streetwear,Everyday,XL,blue,10477.884955752212,6262.6318380530965
149,684,SaigonFlex UC-49,Streetwear,Everyday,S,white,10989.136432160803,10439.679610552765
150,685,SaigonFlex UC-50,Streetwear,Everyday,M,purple,10129.728957654725,8328.663148983715
151,686,SaigonFlex UC-51,Streetwear,Everyday,L,green,9634.396153846154,5513.764918846154
152,687,SaigonFlex UC-52,Streetwear,Everyday,XL,silver,5610.653125000001,4180.4976434375
153,688,SaigonFlex UC-53,Streetwear,Everyday,S,pink,6694.905,5116.246400999999
154,689,SaigonFlex UC-54,Streetwear,Everyday,M,yellow,4162.627714977795,3842.937906467501
155,690,SaigonFlex UC-55,Streetwear,Everyday,L,red,4598.817231121282,3100.062695498856
156,691,SaigonFlex UC-56,Streetwear,Everyday,XL,black,4663.545057034221,4430.36780418251
157,692,SaigonFlex UC-57,Streetwear,Everyday,S,orange,3023.37,1991.191482
158,693,SaigonFlex UC-58,Streetwear,Everyday,M,blue,22.084313317745423,12.489209747825754
159,189,DragonWear UC-01,Streetwear,Everyday,M,yellow,9513.0,6181.5474
160,190,DragonWear UC-02,Streetwear,Everyday,L,red,9443.7,7547.405040000001
161,191,DragonWear UC-03,Streetwear,Everyday,XL,black,9513.0,9029.7396
162,192,DragonWear UC-04,Streetwear,Everyday,S,orange,37.55095959605123,21.336185365589483
163,193,DragonWear UC-05,Streetwear,Everyday,M,blue,9191.7,7248.57462
164,194,DragonWear UC-06,Streetwear,Everyday,L,white,23.029830867355027,14.651084686631249
165,195,DragonWear UC-07,Streetwear,Everyday,XL,purple,9191.7,5645.5421400000005
166,196,DragonWear UC-08,Streetwear,Everyday,S,green,10073.7,7970.31144
167,387,LotusWear UC-01,Streetwear,Everyday,XL,silver,11966.85,11368.5075
168,388,LotusWear UC-02,Streetwear,Everyday,S,pink,12720.344318181818,12084.327102272728
169,389,LotusWear UC-03,Streetwear,Everyday,M,yellow,11063.057547169812,10102.784152075472
170,390,LotusWear UC-04,Streetwear,Everyday,L,red,16691.85,12462.13521
171,391,LotusWear UC-05,Streetwear,Everyday,XL,black,12281.85,7574.216895
172,938,HanoiStreet UC-01,Streetwear,Everyday,L,pink,18.82298104757963,12.133510917425138
173,939,HanoiStreet UC-02,Streetwear,Everyday,XL,yellow,4494.106487018096,4269.401162667191
174,940,HanoiStreet UC-03,Streetwear,Everyday,S,red,8270.437924528303,7856.916028301888
175,941,HanoiStreet UC-04,Streetwear,Everyday,M,black,11339.37,9661.14324
176,942,HanoiStreet UC-05,Streetwear,Everyday,L,orange,7413.811748878924,6891.879401757848
177,943,HanoiStreet UC-06,Streetwear,Everyday,XL,blue,8063.37,7660.201499999999
178,944,HanoiStreet UC-07,Streetwear,Everyday,S,white,8971.2,4491.8798400000005
179,945,HanoiStreet UC-08,Streetwear,Everyday,M,purple,8241.386433389545,7829.317111720067
180,946,HanoiStreet UC-09,Streetwear,Everyday,L,green,8360.990689655173,4980.642153827586
181,947,HanoiStreet UC-10,Streetwear,Everyday,XL,silver,8472.12,7214.857392000001
182,948,HanoiStreet UC-11,Streetwear,Everyday,S,pink,9063.348260869563,5344.656469434784
183,949,HanoiStreet UC-12,Streetwear,Everyday,M,yellow,15434.37,14662.6515
184,950,HanoiStreet UC-13,Streetwear,Everyday,L,red,17009.37,10601.940321
185,951,HanoiStreet UC-14,Streetwear,Everyday,XL,black,59.51685248967167,34.956088420323645
186,952,HanoiStreet UC-15,Streetwear,Everyday,S,orange,3321.4462564991336,3155.3739436741766
187,953,HanoiStreet UC-16,Streetwear,Everyday,M,blue,30.25584774884125,17.459877222806806
188,954,HanoiStreet UC-17,Streetwear,Everyday,L,white,8325.9412900097,7430.902601333657
189,955,HanoiStreet UC-18,Streetwear,Everyday,XL,purple,9605.663617021277,6085.187901382978
190,956,HanoiStreet UC-19,Streetwear,Everyday,S,green,9913.23,9417.5685
191,957,HanoiStreet UC-20,Streetwear,Everyday,M,silver,9761.416875,6531.3640310625005
192,958,HanoiStreet UC-21,Streetwear,Everyday,L,pink,8992.782371134022,5238.295731185568
193,959,HanoiStreet UC-22,Streetwear,Everyday,XL,yellow,10276.115901639345,6593.155962491804
194,960,HanoiStreet UC-23,Streetwear,Everyday,S,red,34.02213294761335,20.90319692901535
195,961,HanoiStreet UC-24,Streetwear,Everyday,M,black,18.72951694189724,11.066773676274895
196,962,HanoiStreet UC-25,Streetwear,Everyday,L,orange,5887.006363636364,5592.656045454545
197,963,HanoiStreet UC-26,Streetwear,Everyday,XL,blue,5122.755359042553,2717.10944243617
198,964,HanoiStreet UC-27,Streetwear,Everyday,S,white,3906.510139211137,2223.9762222529
199,965,HanoiStreet UC-28,Streetwear,Everyday,M,purple,6039.659921465968,3816.461104374345
200,966,HanoiStreet UC-29,Streetwear,Everyday,L,green,5858.236646507408,3333.336651862716
201,967,HanoiStreet UC-30,Streetwear,Everyday,XL,silver,8161.481464968154,6491.642357235669
202,968,HanoiStreet UC-31,Streetwear,Everyday,S,pink,8354.878474576273,7937.134550847459
203,969,HanoiStreet UC-32,Streetwear,Everyday,M,yellow,5039.37,3478.6771110000004
204,970,HanoiStreet UC-33,Streetwear,Everyday,L,red,26.6355532099264,14.717172228159244
205,971,HanoiStreet UC-34,Streetwear,Everyday,XL,black,15434.37,14662.6515
206,972,HanoiStreet UC-35,Streetwear,Everyday,S,orange,8000.37,5880.27195
207,973,HanoiStreet UC-36,Streetwear,Everyday,M,blue,7486.731672597865,4697.92412455516
208,974,HanoiStreet UC-37,Streetwear,Everyday,L,white,8151.269169550173,6372.662236754326
209,975,HanoiStreet UC-38,Streetwear,Everyday,XL,purple,8846.74,8404.403
210,976,HanoiStreet UC-39,Streetwear,Everyday,S,green,3962.158343558282,3764.050426380368
211,977,HanoiStreet UC-40,Streetwear,Everyday,M,silver,5978.196828266228,4912.882153469187
212,978,HanoiStreet UC-41,Streetwear,Everyday,L,pink,9462.733636363637,7198.301477181818
213,979,HanoiStreet UC-42,Streetwear,Everyday,XL,yellow,4727.334705882353,4490.967970588235
214,980,HanoiStreet UC-43,Streetwear,Everyday,S,red,4989.868578947368,4740.37515
215,981,HanoiStreet UC-44,Streetwear,Everyday,M,black,2032.929931253305,1931.28343469064
216,982,HanoiStreet UC-45,Streetwear,Everyday,L,orange,17194.14653631285,15180.711976910614
217,983,HanoiStreet UC-46,Streetwear,Everyday,XL,blue,5354.37,5086.6515
218,984,HanoiStreet UC-47,Streetwear,Everyday,S,white,34.617835837670064,19.5803762088434
219,985,HanoiStreet UC-48,Streetwear,Everyday,M,purple,9262.49837837838,5465.800293081082
220,986,HanoiStreet UC-49,Streetwear,Everyday,L,green,4409.37,2725.431597
221,987,HanoiStreet UC-50,Streetwear,Everyday,XL,silver,20.896936494805555,12.9894776919699
222,988,HanoiStreet UC-51,Streetwear,Everyday,S,pink,38.48540995794976,23.70287128042441
223,989,HanoiStreet UC-52,Streetwear,Everyday,M,yellow,5262.4712658227845,2638.603092683544
224,990,HanoiStreet UC-53,Streetwear,Everyday,L,red,5403.094003466204,3895.0904670987866
225,991,HanoiStreet UC-54,Streetwear,Everyday,XL,black,26.042882961841165,14.394151405162956
226,992,HanoiStreet UC-55,Streetwear,Everyday,S,orange,3453.456099585062,2504.7917090290457
227,993,HanoiStreet UC-56,Streetwear,Everyday,M,blue,4262.353834196891,3732.117017222798
228,994,HanoiStreet UC-57,Streetwear,Everyday,L,white,5821.2,3037.50216
229,995,HanoiStreet UC-58,Streetwear,Everyday,XL,purple,7071.587821782178,6718.008430693069
230,996,HanoiStreet UC-59,Streetwear,Everyday,S,green,8557.10595505618,6923.554428235956
231,997,HanoiStreet UC-60,Streetwear,Everyday,M,silver,9456.745,7530.4060435
232,998,HanoiStreet UC-61,Streetwear,Everyday,L,pink,8613.57,5197.428138000001
233,999,HanoiStreet UC-62,Streetwear,Everyday,XL,yellow,9245.030869565218,5388.9284938695655
234,1029,MekongStyle UC-01,Streetwear,Everyday,M,yellow,14486.85,13762.5075
235,1030,MekongStyle UC-02,Streetwear,Everyday,L,red,29.468517794501352,16.86180384735625
236,1031,MekongStyle UC-03,Streetwear,Everyday,XL,black,12596.85,11885.127975
237,1032,MekongStyle UC-04,Streetwear,Everyday,S,orange,26.03176062726932,14.918996724175685
238,1033,MekongStyle UC-05,Streetwear,Everyday,M,blue,12136.393255813957,8029.437778046513
239,1034,MekongStyle UC-06,Streetwear,Everyday,L,white,10885.35,10341.0825
240,1035,MekongStyle UC-07,Streetwear,Everyday,XL,purple,14486.85,12723.800355
241,1036,MekongStyle UC-08,Streetwear,Everyday,S,green,69.47113022348645,42.87683645159384
242,1037,MekongStyle UC-09,Streetwear,Everyday,M,silver,17006.85,13571.466299999998
243,1038,MekongStyle UC-10,Streetwear,Everyday,L,pink,32.93714703716061,18.18035175845804
244,1039,MekongStyle UC-11,Streetwear,Everyday,XL,yellow,21.6913947894699,12.156093169488374
245,1040,MekongStyle UC-12,Streetwear,Everyday,S,red,13324.978153846156,9943.0986984
246,1041,MekongStyle UC-13,Streetwear,Everyday,M,black,11954.96320754717,6095.835739528302
247,1042,MekongStyle UC-14,Streetwear,Everyday,L,orange,14486.85,11301.191685
248,1199,MekongFit UC-01,Streetwear,Everyday,XL,yellow,1637.37,1262.248533
249,1200,MekongFit UC-02,Streetwear,Everyday,S,red,1243.935,895.2600195
250,1201,MekongFit UC-03,Streetwear,Everyday,M,black,6929.37,6443.621163
251,1202,MekongFit UC-04,Streetwear,Everyday,L,orange,7253.09891566265,6218.081700397591
252,1203,MekongFit UC-05,Streetwear,Everyday,XL,blue,3885.7044481605353,3634.6879408093646
253,1204,MekongFit UC-06,Streetwear,Everyday,S,white,4808.37,4567.9515
254,1205,MekongFit UC-07,Streetwear,Everyday,M,purple,4409.37,3289.39002
255,1206,MekongFit UC-08,Streetwear,Everyday,L,green,6110.37,5286.081087
256,1207,MekongFit UC-09,Streetwear,Everyday,XL,silver,8323.85076923077,7907.658230769231
257,1208,MekongFit UC-10,Streetwear,Everyday,S,pink,46.01732540609539,28.990528853171263
258,1209,MekongFit UC-11,Streetwear,Everyday,M,yellow,20.32115659247737,11.539459529498265
259,1210,MekongFit UC-12,Streetwear,Everyday,L,red,7044.87,6692.626499999999
260,1211,MekongFit UC-13,Streetwear,Everyday,XL,black,8670.87,8237.326500000001
261,1212,MekongFit UC-14,Streetwear,Everyday,S,orange,4947.391856581533,3803.060120154224
262,1213,MekongFit UC-15,Streetwear,Everyday,M,blue,6198.434516129032,4649.445730548388
263,1214,MekongFit UC-16,Streetwear,Everyday,L,white,8189.370000000001,4614.709995
264,1215,MekongFit UC-17,Streetwear,Everyday,XL,purple,4138.55297271872,2641.63836248636
265,1216,MekongFit UC-18,Streetwear,Everyday,S,green,36.0009539962887,22.15047295796197
266,1217,MekongFit UC-19,Streetwear,Everyday,M,silver,7001.426663168941,5863.694830403987
267,1218,MekongFit UC-20,Streetwear,Everyday,L,pink,15.121717422544467,8.677117853389895
268,1219,MekongFit UC-21,Streetwear,Everyday,XL,yellow,19.46709453458012,10.900485493368713
269,1220,MekongFit UC-22,Streetwear,Everyday,S,red,7693.690754716981,5870.286045849057
270,1221,MekongFit UC-23,Streetwear,Everyday,M,black,9335.13,8663.00064
271,1222,MekongFit UC-24,Streetwear,Everyday,L,orange,35.82852967556213,20.57694152770872
272,1223,MekongFit UC-25,Streetwear,Everyday,XL,blue,4751.004708205353,4513.454472795085
273,1224,MekongFit UC-26,Streetwear,Everyday,S,white,44.49543643977257,27.68624827776821
274,1225,MekongFit UC-27,Streetwear,Everyday,M,purple,2511.495,2353.773114
275,1226,MekongFit UC-28,Streetwear,Everyday,L,green,6689.096277372263,5573.355018306569
276,1227,MekongFit UC-29,Streetwear,Everyday,XL,silver,3803.996185958254,3196.497995060721
277,1228,MekongFit UC-30,Streetwear,Everyday,S,pink,1644.4317128463476,1030.2364680982369
278,1229,MekongFit UC-31,Streetwear,Everyday,M,yellow,3180.5832888349514,2331.049492387136
279,1230,MekongFit UC-32,Streetwear,Everyday,L,red,5786.595352112676,3670.437431845072
280,1231,MekongFit UC-33,Streetwear,Everyday,XL,black,9063.754615384616,7768.5440808461535
281,1232,MekongFit UC-34,Streetwear,Everyday,S,orange,4566.726164383562,4338.389856164384
282,1689,NamStyle UC-01,Streetwear,Everyday,M,yellow,2708.37,1355.268348
283,1795,SaigonCore UC-01,Streetwear,Everyday,XL,purple,6835.118181818181,5533.711679999999
284,1796,SaigonCore UC-02,Streetwear,Everyday,S,green,9002.7,7059.017070000001
285,1797,SaigonCore UC-03,Streetwear,Everyday,M,silver,5696.857894736842,3744.544694210525
286,1798,SaigonCore UC-04,Streetwear,Everyday,L,pink,8498.7,5991.583500000001
287,1799,SaigonCore UC-05,Streetwear,Everyday,XL,yellow,9443.7,8971.515
288,1800,SaigonCore UC-06,Streetwear,Everyday,S,red,7633.08,7251.425999999999
289,1801,SaigonCore UC-07,Streetwear,Everyday,M,black,9474.183870967743,7096.16371935484
290,1802,SaigonCore UC-08,Streetwear,Everyday,L,orange,8498.7,7093.864890000001
291,1803,SaigonCore UC-09,Streetwear,Everyday,XL,blue,5351.85,4369.2503400000005
292,1804,SaigonCore UC-10,Streetwear,Everyday,S,white,8096.862162162162,5747.152762702703
293,1805,SaigonCore UC-11,Streetwear,Everyday,M,purple,5532.45,3212.1404700000003
294,1882,BambooCraft UC-01,Streetwear,Everyday,L,orange,35.46503609707341,22.54050046634314
295,1883,BambooCraft UC-02,Streetwear,Everyday,XL,blue,9147.14027027027,8689.783256756757
296,1884,BambooCraft UC-03,Streetwear,Everyday,S,white,10289.225985037408,8385.719177805486
297,1885,BambooCraft UC-04,Streetwear,Everyday,M,purple,10079.37,8501.948595000002
298,1886,BambooCraft UC-05,Streetwear,Everyday,L,green,10602.988421052632,8157.939291157894
299,1887,BambooCraft UC-06,Streetwear,Everyday,XL,silver,31.61844608161177,20.01517154725592
300,1888,BambooCraft UC-07,Streetwear,Everyday,S,pink,10940.58,10050.016788
301,1889,BambooCraft UC-08,Streetwear,Everyday,M,yellow,8251.836923076922,7839.245076923075
302,1890,BambooCraft UC-09,Streetwear,Everyday,L,red,29.35780741888176,17.312837837634
303,1891,BambooCraft UC-10,Streetwear,Everyday,XL,black,8630.37,5459.572062000001
304,1892,BambooCraft UC-11,Streetwear,Everyday,S,orange,10488.371582278482,9963.953003164555
305,1893,BambooCraft UC-12,Streetwear,Everyday,M,blue,8686.73842105263,7189.144717263159
306,1894,BambooCraft UC-13,Streetwear,Everyday,L,white,8725.29,4900.122864000001
307,1895,BambooCraft UC-14,Streetwear,Everyday,XL,purple,9014.516341463415,8563.790524390244
308,1896,BambooCraft UC-15,Streetwear,Everyday,S,green,8833.75888888889,7271.950317333333
309,1897,BambooCraft UC-16,Streetwear,Everyday,M,silver,8661.21827586207,4709.104376586208
310,1898,BambooCraft UC-17,Streetwear,Everyday,L,pink,12242.036896551725,11629.935051724138
311,1899,BambooCraft UC-18,Streetwear,Everyday,XL,yellow,11430.57895522388,10859.050007462683
312,1900,BambooCraft UC-19,Streetwear,Everyday,S,red,18.330955787804072,11.306689593388796
313,1901,BambooCraft UC-20,Streetwear,Everyday,M,black,9899.9325,9404.935875
314,1902,BambooCraft UC-21,Streetwear,Everyday,L,orange,19529.37,16287.49458
315,1903,BambooCraft UC-22,Streetwear,Everyday,XL,blue,9629.856486486486,9148.36366216216
316,1904,BambooCraft UC-23,Streetwear,Everyday,S,white,8222.527894736842,5716.301392421053
317,1905,BambooCraft UC-24,Streetwear,Everyday,M,purple,11412.145352112677,8450.693633239436
318,1906,BambooCraft UC-25,Streetwear,Everyday,L,green,8808.87,7972.027350000001
319,1907,BambooCraft UC-26,Streetwear,Everyday,XL,silver,12729.083973799128,6993.358735205241
320,2066,UrbanVN UC-01,Streetwear,Everyday,L,green,4537.142983114447,3082.081228429644
321,2067,UrbanVN UC-02,Streetwear,Everyday,XL,silver,6547.54571884984,6220.168432907348
322,2068,UrbanVN UC-03,Streetwear,Everyday,S,pink,24.830241277312545,14.165613653845371
323,2069,UrbanVN UC-04,Streetwear,Everyday,M,yellow,6299.37,5984.4015
324,2070,UrbanVN UC-05,Streetwear,Everyday,L,red,6299.110953947368,5095.98076174342
325,2071,UrbanVN UC-06,Streetwear,Everyday,XL,black,4194.771265822785,2699.7547866835444
326,2072,UrbanVN UC-07,Streetwear,Everyday,S,orange,27.54289180542567,15.95600411474264
327,2073,UrbanVN UC-08,Streetwear,Everyday,M,blue,4327.885273311897,4111.491009646303
328,2074,UrbanVN UC-09,Streetwear,Everyday,L,white,4031.37,2954.1879360000003
329,2075,UrbanVN UC-10,Streetwear,Everyday,XL,purple,5543.37,4112.626203
330,2076,UrbanVN UC-11,Streetwear,Everyday,S,green,8618.809655172414,8187.869172413792
331,2077,UrbanVN UC-12,Streetwear,Everyday,M,silver,4480.875720823799,2845.356082723112
332,2078,UrbanVN UC-13,Streetwear,Everyday,L,pink,6929.37,4147.227945
333,2079,UrbanVN UC-14,Streetwear,Everyday,XL,yellow,6564.18724137931,6235.977879310344
334,2080,UrbanVN UC-15,Streetwear,Everyday,S,red,6929.37,3718.992879
335,2081,UrbanVN UC-16,Streetwear,Everyday,M,black,2708.37,2432.11626
336,2082,UrbanVN UC-17,Streetwear,Everyday,L,orange,4066.0944094488186,3089.418532299212
337,2083,UrbanVN UC-18,Streetwear,Everyday,XL,blue,3872.079591474245,3180.913384396092
338,2084,UrbanVN UC-19,Streetwear,Everyday,S,white,8001.930483870968,7425.791489032258
339,2085,UrbanVN UC-20,Streetwear,Everyday,M,purple,8000.37,7600.3515
340,2086,UrbanVN UC-21,Streetwear,Everyday,L,green,2916.6541918294847,2528.4475188969805
341,2087,UrbanVN UC-22,Streetwear,Everyday,XL,silver,8712.525405405406,7795.096480216216
342,2088,UrbanVN UC-23,Streetwear,Everyday,S,pink,7055.37,6285.629133
343,2089,UrbanVN UC-24,Streetwear,Everyday,M,yellow,9449.37,5547.725127000001
344,2090,UrbanVN UC-25,Streetwear,Everyday,L,red,4301.704266090053,3533.8500545929787
345,2091,UrbanVN UC-26,Streetwear,Everyday,XL,black,2019.996121076233,1168.1637568183855
346,2092,UrbanVN UC-27,Streetwear,Everyday,S,orange,4099.841652593486,3894.849569963812
347,2093,UrbanVN UC-28,Streetwear,Everyday,M,blue,5324.792535211268,3625.118757971831
348,2094,UrbanVN UC-29,Streetwear,Everyday,L,white,5259.781764705882,4996.792676470587
349,2095,UrbanVN UC-30,Streetwear,Everyday,XL,purple,50.54423484959421,32.32978997882029
350,2096,UrbanVN UC-31,Streetwear,Everyday,S,green,37.99472429809594,20.946498813866302
351,2171,PhoenixWear UC-01,Streetwear,Everyday,XL,black,5395.671662707839,3942.077716774347
352,2172,PhoenixWear UC-02,Streetwear,Everyday,S,orange,16.359093790389007,9.137385792326617
353,2173,PhoenixWear UC-03,Streetwear,Everyday,M,blue,9084.633157894736,6667.212274578948
354,2174,PhoenixWear UC-04,Streetwear,Everyday,L,white,5039.37,2880.503892
355,2175,PhoenixWear UC-05,Streetwear,Everyday,XL,purple,5666.85,3381.409395
356,2176,PhoenixWear UC-06,Streetwear,Everyday,S,green,8819.37,7504.401933000001
357,2177,PhoenixWear UC-07,Streetwear,Everyday,M,silver,7876.33875,5431.523202
358,2178,PhoenixWear UC-08,Streetwear,Everyday,L,pink,10331.37,9814.8015
359,2179,PhoenixWear UC-09,Streetwear,Everyday,XL,yellow,9154.692580645162,7143.40662067742
360,2180,PhoenixWear UC-10,Streetwear,Everyday,S,red,5147.283148371532,4889.918990952955
361,2181,PhoenixWear UC-11,Streetwear,Everyday,M,black,9449.37,8976.9015
362,2182,PhoenixWear UC-12,Streetwear,Everyday,L,orange,9449.37,8976.9015
363,2183,PhoenixWear UC-13,Streetwear,Everyday,XL,blue,8685.852954545455,8251.56030681818
364,2184,PhoenixWear UC-14,Streetwear,Everyday,S,white,10003.168713136727,9503.010277479892
365,2185,PhoenixWear UC-15,Streetwear,Everyday,M,purple,10064.304782608697,6988.653241043479
366,2186,PhoenixWear UC-16,Streetwear,Everyday,L,green,5332.6458620689655,4611.672141517241
367,2353,VietMotion UC-01,Streetwear,Everyday,M,blue,5207.482449799197,4504.993067321285
368,2354,VietMotion UC-02,Streetwear,Everyday,L,white,4403.300272479564,4183.135258855586
369,2355,VietMotion UC-03,Streetwear,Everyday,XL,purple,7179.426821292776,5081.598304111027
370,2356,VietMotion UC-04,Streetwear,Everyday,S,green,8744.4,5883.232319999999
371,2357,VietMotion UC-05,Streetwear,Everyday,M,silver,37.69900071080301,21.51816079899328
372,2358,VietMotion UC-06,Streetwear,Everyday,L,pink,28.38801610084744,15.688728518542188
373,2359,VietMotion UC-07,Streetwear,Everyday,XL,yellow,5399.825901259964,3136.7588660419133
374,2360,VietMotion UC-08,Streetwear,Everyday,S,red,7081.97732079906,5403.548695769683
375,2361,VietMotion UC-09,Streetwear,Everyday,M,black,7197.0143712574845,6837.16365269461
376,2362,VietMotion UC-10,Streetwear,Everyday,L,orange,25.26022943649214,14.351436261898485
377,2363,VietMotion UC-11,Streetwear,Everyday,XL,blue,11768.959539473684,11180.5115625
378,2364,VietMotion UC-12,Streetwear,Everyday,S,white,42.29506935456758,25.72826647079302
379,2365,VietMotion UC-13,Streetwear,Everyday,M,purple,6423.10253164557,4688.222537848101
380,2366,VietMotion UC-14,Streetwear,Everyday,L,green,5124.649910554562,4868.417415026834
381,2367,VietMotion UC-15,Streetwear,Everyday,XL,silver,5855.092405063291,3272.4111451898734
382,2368,VietMotion UC-16,Streetwear,Everyday,S,pink,9060.457987126976,5234.226579163253
383,2369,VietMotion UC-17,Streetwear,Everyday,M,yellow,5168.688326848249,2624.143063540856
384,2370,VietMotion UC-18,Streetwear,Everyday,L,red,8898.12,4748.926644000001
385,2371,VietMotion UC-19,Streetwear,Everyday,XL,black,6958.29715231788,4658.5799434768205
386,2372,VietMotion UC-20,Streetwear,Everyday,S,orange,4787.37,2481.772608
387,2373,VietMotion UC-21,Streetwear,Everyday,M,blue,7213.408461538462,4297.748761384616
388,2374,VietMotion UC-22,Streetwear,Everyday,L,white,7830.721535836178,5726.606659156997
389,2375,VietMotion UC-23,Streetwear,Everyday,XL,purple,8378.37,5122.535418
390,2376,VietMotion UC-24,Streetwear,Everyday,S,green,8381.717836456559,7962.63194463373
391,2377,VietMotion UC-25,Streetwear,Everyday,M,silver,10451.7,9744.11991
392,2378,VietMotion UC-26,Streetwear,Everyday,L,pink,9752.4,9264.78
393,2379,VietMotion UC-27,Streetwear,Everyday,XL,yellow,2324.005436893204,2207.805165048544
394,2380,VietMotion UC-28,Streetwear,Everyday,S,red,3754.7071009305655,2446.9426176764496
395,2381,VietMotion UC-29,Streetwear,Everyday,M,black,7536.502486388385,7159.677362068965
396,2382,VietMotion UC-30,Streetwear,Everyday,L,orange,50.01884372848085,29.61828092460761
397,2383,VietMotion UC-31,Streetwear,Everyday,XL,blue,48.06297103310155,30.72507952736204
398,2384,VietMotion UC-32,Streetwear,Everyday,S,white,7792.531998777506,4305.373929324572
399,2385,VietMotion UC-33,Streetwear,Everyday,M,purple,9105.602557856271,6343.873302058465
400,2386,VietMotion UC-34,Streetwear,Everyday,L,green,23.67247523468209,14.954952626175505
401,2387,VietMotion UC-35,Streetwear,Everyday,XL,silver,6091.44509881423,4494.268193905138
402,2388,VietMotion UC-36,Streetwear,Everyday,S,pink,3825.871123778501,2462.330655263844
403,2389,VietMotion UC-37,Streetwear,Everyday,M,yellow,10194.304335260116,9156.524153930635
404,2390,VietMotion UC-38,Streetwear,Everyday,L,red,29.26274044634108,17.094758489766654
405,2391,VietMotion UC-39,Streetwear,Everyday,XL,black,9057.265510948906,8604.40223540146
406,173,DragonWear UE-01,Streetwear,Performance,M,blue,12869.200657894737,10770.234030592104
407,174,DragonWear UE-02,Streetwear,Performance,L,white,8386.030434782608,7570.06967347826
408,175,DragonWear UE-03,Streetwear,Performance,XL,purple,7553.7,7176.014999999999
409,176,DragonWear UE-04,Streetwear,Performance,S,green,9216.9,7344.947609999999
410,177,DragonWear UE-05,Streetwear,Performance,M,silver,9443.35,8471.629284999999
411,178,DragonWear UE-06,Streetwear,Performance,L,pink,6268.5,3509.7331500000005
412,179,DragonWear UE-07,Streetwear,Performance,XL,yellow,37.8074197316877,21.77489391602548
413,180,DragonWear UE-08,Streetwear,Performance,S,red,9746.469642857142,9106.126587321429
414,181,DragonWear UE-09,Streetwear,Performance,M,black,8498.7,8073.765
415,182,DragonWear UE-10,Streetwear,Performance,L,orange,16000.568181818182,12051.627954545454
416,183,DragonWear UE-11,Streetwear,Performance,XL,blue,9191.446033810143,8731.873732119637
417,184,DragonWear UE-12,Streetwear,Performance,S,white,48.92155274690822,28.76436822817508
418,185,DragonWear UE-13,Streetwear,Performance,M,purple,9741.693307086614,5492.3666865354335
419,186,DragonWear UE-14,Streetwear,Performance,L,green,27.339438813056244,16.650524593434948
420,187,DragonWear UE-15,Streetwear,Performance,XL,silver,8798.352127659575,7129.304729042554
421,188,DragonWear UE-16,Streetwear,Performance,S,pink,9261.0,6645.6936
422,513,SaigonFlex UE-01,Streetwear,Performance,M,blue,5635.854,4186.3123512
423,514,SaigonFlex UE-02,Streetwear,Performance,L,white,5606.580000000001,4206.056316
424,515,SaigonFlex UE-03,Streetwear,Performance,XL,purple,6514.160126582279,3614.7074542405057
425,516,SaigonFlex UE-04,Streetwear,Performance,S,green,6653.520616438356,3389.968754075343
426,517,SaigonFlex UE-05,Streetwear,Performance,M,silver,8186.85,6897.421125000001
427,518,SaigonFlex UE-06,Streetwear,Performance,L,pink,6281.421428571429,3173.374105714286
428,519,SaigonFlex UE-07,Streetwear,Performance,XL,yellow,19526.85,9948.930075
429,520,SaigonFlex UE-08,Streetwear,Performance,S,red,7367.85,6999.4575
430,521,SaigonFlex UE-09,Streetwear,Performance,M,black,6740.37,5806.828755
431,522,SaigonFlex UE-10,Streetwear,Performance,L,orange,30.74527762642181,17.734071800396872
432,523,SaigonFlex UE-11,Streetwear,Performance,XL,blue,6819.422254335261,6351.609887687862
433,524,SaigonFlex UE-12,Streetwear,Performance,S,white,7556.850000000001,7179.007500000001
434,525,SaigonFlex UE-13,Streetwear,Performance,M,purple,6289.682000000001,3754.3111858
435,526,SaigonFlex UE-14,Streetwear,Performance,L,green,21.2735817693572,13.02825825588481
436,527,SaigonFlex UE-15,Streetwear,Performance,XL,silver,6485.85,5394.2814450000005
437,528,SaigonFlex UE-16,Streetwear,Performance,S,pink,7241.85,4674.614175000001
438,529,SaigonFlex UE-17,Streetwear,Performance,M,yellow,5574.45347107438,2865.269084132232
439,530,SaigonFlex UE-18,Streetwear,Performance,L,red,7519.365,5786.151367500001
440,531,SaigonFlex UE-19,Streetwear,Performance,XL,black,7557.783882352941,7179.894688235294
441,532,SaigonFlex UE-20,Streetwear,Performance,S,orange,6825.528620689655,5999.639657586208
442,533,SaigonFlex UE-21,Streetwear,Performance,M,blue,6086.914024390244,3334.4115025609763
443,534,SaigonFlex UE-22,Streetwear,Performance,L,white,6526.873255813954,5059.632147906977
444,535,SaigonFlex UE-23,Streetwear,Performance,XL,purple,6485.85,5704.305075
445,892,HanoiStreet UE-01,Streetwear,Performance,S,orange,20.522407754185355,12.127535551360282
446,893,HanoiStreet UE-02,Streetwear,Performance,M,blue,10520.37,8970.719499
447,894,HanoiStreet UE-03,Streetwear,Performance,L,white,45.83327377383366,27.7385135332147
448,895,HanoiStreet UE-04,Streetwear,Performance,XL,purple,7118.876024096385,4305.496219373494
449,896,HanoiStreet UE-05,Streetwear,Performance,S,green,11024.37,7005.987135000001
450,897,HanoiStreet UE-06,Streetwear,Performance,M,silver,8438.654,4981.3374562
451,898,HanoiStreet UE-07,Streetwear,Performance,L,pink,56.96835917004511,33.8171388190614
452,899,HanoiStreet UE-08,Streetwear,Performance,XL,yellow,7171.244594594595,6812.682364864864
453,900,HanoiStreet UE-09,Streetwear,Performance,S,red,3541.482,2763.7725528
454,901,HanoiStreet UE-10,Streetwear,Performance,M,black,4913.37,3388.259952
455,902,HanoiStreet UE-11,Streetwear,Performance,L,orange,1889.37,1062.959562
456,903,HanoiStreet UE-12,Streetwear,Performance,XL,blue,32.17519941758961,18.643809133165608
457,904,HanoiStreet UE-13,Streetwear,Performance,S,white,49.47231198090706,31.90198937963436
458,905,HanoiStreet UE-14,Streetwear,Performance,M,purple,7216.908461538461,5134.830370384615
459,906,HanoiStreet UE-15,Streetwear,Performance,L,green,5178.670998573467,4255.831826627675
460,907,HanoiStreet UE-16,Streetwear,Performance,XL,silver,7343.25255526658,6976.089927503251
461,908,HanoiStreet UE-17,Streetwear,Performance,S,pink,2601.282045889101,2461.3330718202674
462,909,HanoiStreet UE-18,Streetwear,Performance,M,yellow,2910.238085106382,1759.82097006383
463,910,HanoiStreet UE-19,Streetwear,Performance,L,red,5226.117562296858,4846.178815517877
464,911,HanoiStreet UE-20,Streetwear,Performance,XL,black,38.26954499465669,23.97053437683893
465,912,HanoiStreet UE-21,Streetwear,Performance,S,orange,25.583614760726004,14.429448269570385
466,913,HanoiStreet UE-22,Streetwear,Performance,M,blue,4566.493505976096,2456.77350621514
467,914,HanoiStreet UE-23,Streetwear,Performance,L,white,6929.37,3953.205585
468,915,HanoiStreet UE-24,Streetwear,Performance,XL,purple,6677.37,6343.501499999999
469,916,HanoiStreet UE-25,Streetwear,Performance,S,green,10079.37,9575.4015
470,917,HanoiStreet UE-26,Streetwear,Performance,M,silver,38.26586487306465,24.36949350141491
471,918,HanoiStreet UE-27,Streetwear,Performance,L,pink,61.26536202728733,36.682213997423126
472,919,HanoiStreet UE-28,Streetwear,Performance,XL,yellow,32.64427789136191,20.874553988555785
473,920,HanoiStreet UE-29,Streetwear,Performance,S,red,61.92088131636448,39.00925896137887
474,921,HanoiStreet UE-30,Streetwear,Performance,M,black,6299.37,5324.227524
475,922,HanoiStreet UE-31,Streetwear,Performance,L,orange,5687.85,2991.240315
476,923,HanoiStreet UE-32,Streetwear,Performance,XL,blue,11.61273055946667,6.880790793471447
477,924,HanoiStreet UE-33,Streetwear,Performance,S,white,3853.8245454545454,3304.6545477272725
478,925,HanoiStreet UE-34,Streetwear,Performance,M,purple,3806.7319302949054,3616.395333780161
479,926,HanoiStreet UE-35,Streetwear,Performance,L,green,6977.845321100917,4222.991988330276
480,927,HanoiStreet UE-36,Streetwear,Performance,XL,silver,5860.36417215682,5567.345963548979
481,928,HanoiStreet UE-37,Streetwear,Performance,S,pink,46.00550217104349,25.406397375344223
482,929,HanoiStreet UE-38,Streetwear,Performance,M,yellow,34.288801956462315,19.78010355266784
483,930,HanoiStreet UE-39,Streetwear,Performance,L,red,6577.813298969071,6180.513375711341
484,931,HanoiStreet UE-40,Streetwear,Performance,XL,black,4142.897027027027,3834.665488216217
485,932,HanoiStreet UE-41,Streetwear,Performance,S,orange,29.38243538174741,17.75179269124272
486,933,HanoiStreet UE-42,Streetwear,Performance,M,blue,6929.370000000001,3488.244858
487,934,HanoiStreet UE-43,Streetwear,Performance,L,white,34.35351390805887,21.070652932957373
488,935,HanoiStreet UE-44,Streetwear,Performance,XL,purple,9448.74,7307.655516
489,936,HanoiStreet UE-45,Streetwear,Performance,S,green,6240.3075,5928.292125
490,937,HanoiStreet UE-46,Streetwear,Performance,M,silver,6299.37,5984.4015
491,1165,MekongFit UE-01,Streetwear,Performance,M,purple,6929.37,6582.9015
492,1166,MekongFit UE-02,Streetwear,Performance,L,green,6410.831538461538,4801.071739153846
493,1167,MekongFit UE-03,Streetwear,Performance,XL,silver,3123.1200000000003,1696.166472
494,1168,MekongFit UE-04,Streetwear,Performance,S,pink,4290.57664206642,4000.104603398525
495,1169,MekongFit UE-05,Streetwear,Performance,M,yellow,5039.37,4378.708593
496,1170,MekongFit UE-06,Streetwear,Performance,L,red,5606.37,3703.568022
497,1171,MekongFit UE-07,Streetwear,Performance,XL,black,4297.006363636363,3953.675555181818
498,1172,MekongFit UE-08,Streetwear,Performance,S,orange,5704.611251325557,3429.041823171792
499,1173,MekongFit UE-09,Streetwear,Performance,M,blue,6051.284201183432,5634.350719721893
500,1174,MekongFit UE-10,Streetwear,Performance,L,white,6929.37,6582.9015
501,1175,MekongFit UE-11,Streetwear,Performance,XL,purple,7960.852541018091,7562.809913967186
502,1176,MekongFit UE-12,Streetwear,Performance,S,green,7474.808502673796,7035.289762716578
503,1177,MekongFit UE-13,Streetwear,Performance,M,silver,3193.262400806994,3033.599280766644
504,1178,MekongFit UE-14,Streetwear,Performance,L,pink,7106.041802773498,3850.764052922958
505,1179,MekongFit UE-15,Streetwear,Performance,XL,yellow,7152.328536585365,6404.194971658536
506,1180,MekongFit UE-16,Streetwear,Performance,S,red,6400.83170678337,3691.359645301969
507,1181,MekongFit UE-17,Streetwear,Performance,M,black,5039.37,2798.362161
508,1182,MekongFit UE-18,Streetwear,Performance,L,orange,2220.567622820919,2109.539241679873
509,1183,MekongFit UE-19,Streetwear,Performance,XL,blue,7901.32826306914,4835.612896998314
510,1184,MekongFit UE-20,Streetwear,Performance,S,white,7559.37,5095.771317
511,1185,MekongFit UE-21,Streetwear,Performance,M,purple,14.95390446790117,8.61029023848727
512,1186,MekongFit UE-22,Streetwear,Performance,L,green,4625.500177514793,2901.113711337278
513,1187,MekongFit UE-23,Streetwear,Performance,XL,silver,5444.799864253394,5172.559871040724
514,1188,MekongFit UE-24,Streetwear,Performance,S,pink,5589.408461538462,5309.938038461539
515,1189,MekongFit UE-25,Streetwear,Performance,M,yellow,2618.91,2284.475193
516,1190,MekongFit UE-26,Streetwear,Performance,L,red,2330.37,1277.974908
517,1191,MekongFit UE-27,Streetwear,Performance,XL,black,3202.148350515464,2351.657748618557
518,1192,MekongFit UE-28,Streetwear,Performance,S,orange,4031.37,3140.43723
519,1193,MekongFit UE-29,Streetwear,Performance,M,blue,30.32981569013947,17.104063033769727
520,1194,MekongFit UE-30,Streetwear,Performance,L,white,9476.444380165289,7068.47986316529
521,1195,MekongFit UE-31,Streetwear,Performance,XL,purple,3527.37,2364.748848
522,1196,MekongFit UE-32,Streetwear,Performance,S,green,5291.37,2884.325787
523,1197,MekongFit UE-33,Streetwear,Performance,M,silver,5291.37,3505.003488
524,1198,MekongFit UE-34,Streetwear,Performance,L,pink,5574.101707317073,5295.39662195122
525,1671,VietMode UE-01,Streetwear,Performance,XL,black,4408.74,4188.303
526,1672,VietMode UE-02,Streetwear,Performance,S,orange,8188.74,4955.825448
527,1673,VietMode UE-03,Streetwear,Performance,M,blue,11048.487692307694,6622.463522769231
528,1674,VietMode UE-04,Streetwear,Performance,L,white,12599.37,11969.4015
529,1675,VietMode UE-05,Streetwear,Performance,XL,purple,5857.74,4998.409541999999
530,1676,VietMode UE-06,Streetwear,Performance,S,green,6171.308181818182,4136.010743454545
531,1677,VietMode UE-07,Streetwear,Performance,M,silver,10520.370000000004,6982.369569
532,1678,VietMode UE-08,Streetwear,Performance,L,pink,8819.02,8378.069
533,1679,VietMode UE-09,Streetwear,Performance,XL,yellow,10719.602068965518,10183.62196551724
534,1680,VietMode UE-10,Streetwear,Performance,S,red,4610.20875,2840.81063175
535,1681,VietMode UE-11,Streetwear,Performance,M,black,6053.190447761194,5750.530925373134
536,1682,VietMode UE-12,Streetwear,Performance,L,orange,8921.640000000001,8475.558
537,1683,VietMode UE-13,Streetwear,Performance,XL,blue,6613.74,5271.812153999999
538,1684,VietMode UE-14,Streetwear,Performance,S,white,5416.74,3482.422146
539,1685,VietMode UE-15,Streetwear,Performance,M,purple,8188.74,4606.985124
540,1686,VietMode UE-16,Streetwear,Performance,L,green,9826.74,9335.403
541,1687,VietMode UE-17,Streetwear,Performance,XL,silver,8819.221764705884,8378.260676470589
542,1688,NamStyle UE-01,Streetwear,Performance,S,pink,1889.37,1143.446724
543,1766,SaigonCore UE-01,Streetwear,Performance,L,green,8892.502867132867,5203.892677846154
544,1767,SaigonCore UE-02,Streetwear,Performance,XL,silver,11969.37,6986.521269000002
545,1768,SaigonCore UE-03,Streetwear,Performance,S,pink,10898.37,10353.4515
546,1769,SaigonCore UE-04,Streetwear,Performance,M,yellow,12221.37,11610.3015
547,1770,SaigonCore UE-05,Streetwear,Performance,L,red,7559.37,4246.098129
548,1771,SaigonCore UE-06,Streetwear,Performance,XL,black,10709.37,7600.439889000001
549,1772,SaigonCore UE-07,Streetwear,Performance,S,orange,7868.7,5265.73404
550,1773,SaigonCore UE-08,Streetwear,Performance,M,blue,13497.12,7885.017504
551,1774,SaigonCore UE-09,Streetwear,Performance,L,white,10302.293076923075,8867.183651307692
552,1775,SaigonCore UE-10,Streetwear,Performance,XL,purple,8504.37,7461.734238000001
553,1776,SaigonCore UE-11,Streetwear,Performance,S,green,17639.37,16157.66292
554,1777,SaigonCore UE-12,Streetwear,Performance,M,silver,7626.910344827586,6550.753295172413
555,1778,SaigonCore UE-13,Streetwear,Performance,L,pink,8251.727142857142,4414.674021428571
556,1779,SaigonCore UE-14,Streetwear,Performance,XL,yellow,9449.37,6418.012104000001
557,1780,SaigonCore UE-15,Streetwear,Performance,S,red,17143.7,14587.57433
558,1781,SaigonCore UE-16,Streetwear,Performance,M,black,6970.45695652174,6092.876425695652
559,1782,SaigonCore UE-17,Streetwear,Performance,L,orange,6087.37,3511.803753
560,1783,SaigonCore UE-18,Streetwear,Performance,XL,blue,7627.724999999999,6845.8831875
561,1784,SaigonCore UE-19,Streetwear,Performance,S,white,7238.7,5703.37173
562,1785,SaigonCore UE-20,Streetwear,Performance,M,purple,9443.7,8971.515
563,1786,SaigonCore UE-21,Streetwear,Performance,L,green,7948.03935483871,7430.62199283871
564,1787,SaigonCore UE-22,Streetwear,Performance,XL,silver,9128.7,8672.265
565,1788,SaigonCore UE-23,Streetwear,Performance,S,pink,7245.0,6546.582
566,1789,SaigonCore UE-24,Streetwear,Performance,M,yellow,11313.77625,8076.904864875
567,1790,SaigonCore UE-25,Streetwear,Performance,L,red,5087.7,4690.35063
568,1791,SaigonCore UE-26,Streetwear,Performance,XL,black,9507.396315789476,8027.094709421053
569,1792,SaigonCore UE-27,Streetwear,Performance,S,orange,11339.37,7818.495615000001
570,1793,SaigonCore UE-28,Streetwear,Performance,M,blue,6713.7,3936.91368
571,1794,SaigonCore UE-29,Streetwear,Performance,L,white,38.20036339802935,24.19966371468973
572,2041,UrbanVN UE-01,Streetwear,Performance,M,black,8922.087391304349,8475.983021739132
573,2042,UrbanVN UE-02,Streetwear,Performance,L,orange,7307.37,5269.344507
574,2043,UrbanVN UE-03,Streetwear,Performance,XL,blue,9308.546470588237,5375.685586764706
575,2044,UrbanVN UE-04,Streetwear,Performance,S,white,4691.61,4457.0295
576,2045,UrbanVN UE-05,Streetwear,Performance,M,purple,5569.462312746386,2996.370724257556
577,2046,UrbanVN UE-06,Streetwear,Performance,L,green,5196.87,3738.628278
578,2047,UrbanVN UE-07,Streetwear,Performance,XL,silver,4488.827570715474,2369.652074580699
579,2048,UrbanVN UE-08,Streetwear,Performance,S,pink,59.80908771546647,38.78261788080608
580,2049,UrbanVN UE-09,Streetwear,Performance,M,yellow,5425.358472622478,5021.169266412104
581,2050,UrbanVN UE-10,Streetwear,Performance,L,red,6047.043575129534,5297.814876170984
582,2051,UrbanVN UE-11,Streetwear,Performance,XL,black,9008.37,6208.568604000001
583,2052,UrbanVN UE-12,Streetwear,Performance,S,orange,9086.843684210527,7847.398205684211
584,2053,UrbanVN UE-13,Streetwear,Performance,M,blue,4015.5242288557215,2068.3965302835823
585,2054,UrbanVN UE-14,Streetwear,Performance,L,white,7071.6015724815725,6718.021493857494
586,2055,UrbanVN UE-15,Streetwear,Performance,XL,purple,7240.102907348243,6878.097761980831
587,2056,UrbanVN UE-16,Streetwear,Performance,S,green,3991.447338129497,3791.8749712230215
588,2057,UrbanVN UE-17,Streetwear,Performance,M,silver,5726.07,5053.256775
589,2058,UrbanVN UE-18,Streetwear,Performance,L,pink,3259.523492647059,1700.4934061139704
590,2059,UrbanVN UE-19,Streetwear,Performance,XL,yellow,26.91521964553438,16.21827747726169
591,2060,UrbanVN UE-20,Streetwear,Performance,S,red,4438.989402985075,2234.5872654626864
592,2061,UrbanVN UE-21,Streetwear,Performance,M,black,4375.115247148289,4156.359484790874
593,2062,UrbanVN UE-22,Streetwear,Performance,L,orange,23.96519474592031,13.592289862175685
594,2063,UrbanVN UE-23,Streetwear,Performance,XL,blue,27.093590379955067,15.639253025192934
595,2064,UrbanVN UE-24,Streetwear,Performance,S,white,6479.721271860095,5307.5396937806045
596,2065,UrbanVN UE-25,Streetwear,Performance,M,purple,47.75868079133171,26.35510588030915
597,2148,PhoenixWear UE-01,Streetwear,Performance,S,pink,7739.005135135135,4210.018793513513
598,2149,PhoenixWear UE-02,Streetwear,Performance,M,yellow,5228.37,4966.951499999999
599,2150,PhoenixWear UE-03,Streetwear,Performance,L,red,5932.945301204819,4969.434984289157
600,2151,PhoenixWear UE-04,Streetwear,Performance,XL,black,6235.610963855422,4723.4753051204825
601,2152,PhoenixWear UE-05,Streetwear,Performance,S,orange,37.769445054736096,24.22645063390461
602,2153,PhoenixWear UE-06,Streetwear,Performance,M,blue,6751.031538461538,6413.479961538461
603,2154,PhoenixWear UE-07,Streetwear,Performance,L,white,10009.10076923077,5308.827048
604,2155,PhoenixWear UE-08,Streetwear,Performance,XL,purple,7564.62,3894.266376
605,2156,PhoenixWear UE-09,Streetwear,Performance,S,green,26.79180128450725,15.05096706786181
606,2157,PhoenixWear UE-10,Streetwear,Performance,M,silver,5480.37,3292.606296
607,2158,PhoenixWear UE-11,Streetwear,Performance,L,pink,40.66252770930223,24.70865195616299
608,2159,PhoenixWear UE-12,Streetwear,Performance,XL,yellow,5663.07,4892.326173
609,2160,PhoenixWear UE-13,Streetwear,Performance,S,red,34.426651583277966,19.87813873052056
610,2161,PhoenixWear UE-14,Streetwear,Performance,M,black,6821.850000000001,5840.86797
611,2162,PhoenixWear UE-15,Streetwear,Performance,L,orange,48.7867127569287,29.53634431880544
612,2163,PhoenixWear UE-16,Streetwear,Performance,XL,blue,8504.37,7320.561696000001
613,2164,PhoenixWear UE-17,Streetwear,Performance,S,white,4574.496315789474,2482.5791505789475
614,2165,PhoenixWear UE-18,Streetwear,Performance,M,purple,7994.642727272727,6223.829363181818
615,2166,PhoenixWear UE-19,Streetwear,Performance,L,green,7559.37,4870.502091
616,2167,PhoenixWear UE-20,Streetwear,Performance,XL,silver,6928.53,6582.103499999999
617,2168,PhoenixWear UE-21,Streetwear,Performance,S,pink,5039.37,4227.527493
618,2169,PhoenixWear UE-22,Streetwear,Performance,M,yellow,6603.962565789473,3515.949670026316
619,2170,PhoenixWear UE-23,Streetwear,Performance,L,red,8441.37,5207.481153000001
620,2327,VietMotion UE-01,Streetwear,Performance,XL,silver,7343.27605427975,6976.112251565762
621,2328,VietMotion UE-02,Streetwear,Performance,S,pink,4409.37,4087.926927
622,2329,VietMotion UE-03,Streetwear,Performance,M,yellow,25.00757458677702,15.383210417633013
623,2330,VietMotion UE-04,Streetwear,Performance,L,red,8976.87,5674.279527000001
624,2331,VietMotion UE-05,Streetwear,Performance,XL,black,7365.661770148853,6671.816431400832
625,2332,VietMotion UE-06,Streetwear,Performance,S,orange,5799.628950298211,4554.448614669184
626,2333,VietMotion UE-07,Streetwear,Performance,M,blue,29.04757901761544,18.38636752042886
627,2334,VietMotion UE-08,Streetwear,Performance,L,white,4289.179586909871,2661.435933677575
628,2335,VietMotion UE-09,Streetwear,Performance,XL,purple,28.308347865946484,16.15393584306359
629,2336,VietMotion UE-10,Streetwear,Performance,S,green,8688.96482388974,8254.516582695253
630,2337,VietMotion UE-11,Streetwear,Performance,M,silver,5033.7,3153.61305
631,2338,VietMotion UE-12,Streetwear,Performance,L,pink,18.441324087824835,10.163006012294185
632,2339,VietMotion UE-13,Streetwear,Performance,XL,yellow,37.27966899266416,21.01412304384703
633,2340,VietMotion UE-14,Streetwear,Performance,S,red,5543.37,5210.7678
634,2341,VietMotion UE-15,Streetwear,Performance,M,black,5457.505970149254,5184.630671641791
635,2342,VietMotion UE-16,Streetwear,Performance,L,orange,36.760434189057285,23.526746409239703
636,2343,VietMotion UE-17,Streetwear,Performance,XL,blue,5703.50918918919,4446.455763891891
637,2344,VietMotion UE-18,Streetwear,Performance,S,white,33.18325504779973,21.150642009039696
638,2345,VietMotion UE-19,Streetwear,Performance,M,purple,5244.730035211268,4313.265980957745
639,2346,VietMotion UE-20,Streetwear,Performance,L,green,30.14940374371988,18.38333694095801
640,2347,VietMotion UE-21,Streetwear,Performance,XL,silver,18.79990286711682,11.468912441536114
641,2348,VietMotion UE-22,Streetwear,Performance,S,pink,9921.92680327869,6549.463882844263
642,2349,VietMotion UE-23,Streetwear,Performance,M,yellow,27.987049096151683,17.254118409010175
643,2350,VietMotion UE-24,Streetwear,Performance,L,red,4649.896261682243,4417.401448598131
644,2351,VietMotion UE-25,Streetwear,Performance,XL,black,28.87321051425695,16.38661896742625
645,2352,VietMotion UE-26,Streetwear,Performance,S,orange,4441.3230201342285,3680.968519087248
646,280,LotusWear UE-01,Streetwear,Performance,S,red,12596.85,11967.0075
647,281,LotusWear UE-02,Streetwear,Performance,M,black,15746.85,8750.524545
648,282,LotusWear UE-03,Streetwear,Performance,L,orange,14486.85,12008.149965
649,283,LotusWear UE-04,Streetwear,Performance,XL,blue,24.02485915276915,15.410534354868703
650,284,LotusWear UE-05,Streetwear,Performance,S,white,31.046488659482907,18.375704197914345
651,285,LotusWear UE-06,Streetwear,Performance,M,purple,38.924362608567606,22.89974173500181
652,286,LotusWear UE-07,Streetwear,Performance,L,green,70.41979203295656,42.38509330694976
653,287,LotusWear UE-08,Streetwear,Performance,XL,silver,35.510595798089696,19.697606635190883
654,288,LotusWear UE-09,Streetwear,Performance,S,pink,36.70893391230743,20.80032217120737
655,289,LotusWear UE-10,Streetwear,Performance,M,yellow,10606.05,10075.7475
656,290,LotusWear UE-11,Streetwear,Performance,L,red,32.14386581904002,20.051451554107025
657,291,LotusWear UE-12,Streetwear,Performance,XL,black,9887.85,9393.4575
658,292,LotusWear UE-13,Streetwear,Performance,S,orange,8269.868691588787,7282.446369813084
659,293,LotusWear UE-14,Streetwear,Performance,M,blue,8405.192465753425,6159.3250389041095
660,294,LotusWear UE-15,Streetwear,Performance,L,white,9446.85,8663.706135
661,295,LotusWear UE-16,Streetwear,Performance,XL,purple,12596.85,8588.53233
662,296,LotusWear UE-17,Streetwear,Performance,S,green,27716.85,14598.464895
663,297,LotusWear UE-18,Streetwear,Performance,M,silver,8483.475,6521.247232500001
664,298,LotusWear UE-19,Streetwear,Performance,L,pink,15.371136750824675,8.581396177699897
665,299,LotusWear UE-20,Streetwear,Performance,XL,yellow,8584.023913043478,4506.6125543478265
666,300,LotusWear UE-21,Streetwear,Performance,S,red,9320.85,6524.595
667,301,LotusWear UE-22,Streetwear,Performance,M,black,32.76610017965032,19.997649343041985
668,302,LotusWear UE-23,Streetwear,Performance,L,orange,33.92296043112892,19.489925051074124
669,303,LotusWear UE-24,Streetwear,Performance,XL,blue,88.70327802926064,52.23998262488708
670,304,LotusWear UE-25,Streetwear,Performance,S,white,11204.147872340429,7121.356387659575
671,305,LotusWear UE-26,Streetwear,Performance,M,purple,18589.783333333333,11094.382693333331
672,306,LotusWear UE-27,Streetwear,Performance,L,green,14648.60675675676,7768.156163108108
673,307,LotusWear UE-28,Streetwear,Performance,XL,silver,13856.85,8174.155815000001
674,308,LotusWear UE-29,Streetwear,Performance,S,pink,15162.94756097561,10231.95701414634
675,309,LotusWear UE-30,Streetwear,Performance,M,yellow,40950.0,30319.38
676,310,LotusWear UE-31,Streetwear,Performance,L,red,11336.85,10173.68919
677,311,LotusWear UE-32,Streetwear,Performance,XL,black,7633.679268292683,6058.087867317074
678,312,LotusWear UE-33,Streetwear,Performance,S,orange,9320.85,8854.8075
679,313,LotusWear UE-34,Streetwear,Performance,M,blue,9131.85,5436.190305
680,314,LotusWear UE-35,Streetwear,Performance,L,white,30.66296621161576,17.749852045999173
681,315,LotusWear UE-36,Streetwear,Performance,XL,purple,37.36068457495183,21.87719413339984
682,316,LotusWear UE-37,Streetwear,Performance,S,green,32.658830942362144,20.310676884020182
683,317,LotusWear UE-38,Streetwear,Performance,M,silver,20.749637672379645,12.028817514186477
684,318,LotusWear UE-39,Streetwear,Performance,L,pink,10553.85,5995.642185
685,319,LotusWear UE-40,Streetwear,Performance,XL,yellow,13226.85,10914.79662
686,320,LotusWear UE-41,Streetwear,Performance,S,red,52.30694353353064,31.731508497155808
687,321,LotusWear UE-42,Streetwear,Performance,M,black,11235.502173913044,10673.727065217392
688,322,LotusWear UE-43,Streetwear,Performance,L,orange,8816.85,7946.626905
689,323,LotusWear UE-44,Streetwear,Performance,XL,blue,9450.0,6288.975
690,324,LotusWear UE-45,Streetwear,Performance,S,white,13905.652816901407,7827.491970633802
691,325,LotusWear UE-46,Streetwear,Performance,M,purple,6645.975000000001,4429.5423375
692,326,LotusWear UE-47,Streetwear,Performance,L,green,8344.35,5868.581355
693,327,LotusWear UE-48,Streetwear,Performance,XL,silver,14014.35,13313.6325
694,328,LotusWear UE-49,Streetwear,Performance,S,pink,44.73576139954138,26.734316490441223
695,329,LotusWear UE-50,Streetwear,Performance,M,yellow,45.4409090092245,28.00828205880248
696,330,LotusWear UE-51,Streetwear,Performance,L,red,6926.85,6520.93659
697,331,LotusWear UE-52,Streetwear,Performance,XL,black,11147.85,10590.4575
698,332,LotusWear UE-53,Streetwear,Performance,S,orange,11613.773076923078,9075.002282307692
699,333,LotusWear UE-54,Streetwear,Performance,M,blue,9807.470689655172,8751.20609637931
700,334,LotusWear UE-55,Streetwear,Performance,L,white,25196.85,23937.0075
701,335,LotusWear UE-56,Streetwear,Performance,XL,purple,10391.85,9872.2575
702,336,LotusWear UE-57,Streetwear,Performance,S,green,11336.85,10770.0075
703,337,LotusWear UE-58,Streetwear,Performance,M,silver,18896.85,11857.773375
704,338,LotusWear UE-59,Streetwear,Performance,L,pink,17636.85,11541.55464
705,339,LotusWear UE-60,Streetwear,Performance,XL,yellow,9215.85,6827.101680000001
706,340,LotusWear UE-61,Streetwear,Performance,S,red,23.017274933735184,14.815827981168097
707,341,LotusWear UE-62,Streetwear,Performance,M,black,5011.65,4215.79998
708,342,LotusWear UE-63,Streetwear,Performance,L,orange,8412.978526645767,7352.101934435736
709,343,LotusWear UE-64,Streetwear,Performance,XL,blue,58.03914660691861,36.17331656881759
710,344,LotusWear UE-65,Streetwear,Performance,S,white,18.9018457283694,10.80229213829515
711,345,LotusWear UE-66,Streetwear,Performance,M,purple,41.87725491953321,23.16307661535843
712,346,LotusWear UE-67,Streetwear,Performance,L,green,12596.85,11967.0075
713,347,LotusWear UE-68,Streetwear,Performance,XL,silver,40950.0,38902.5
714,348,LotusWear UE-69,Streetwear,Performance,S,pink,7556.85,5611.71681
715,349,LotusWear UE-70,Streetwear,Performance,M,yellow,6296.85,5735.170980000001
716,350,LotusWear UE-71,Streetwear,Performance,L,red,6949.759090909091,6602.271136363636
717,351,LotusWear UE-72,Streetwear,Performance,XL,black,14045.85,8674.71696
718,352,LotusWear UE-73,Streetwear,Performance,S,orange,12596.85,11250.246735
719,353,LotusWear UE-74,Streetwear,Performance,M,blue,20786.85,15267.941325
720,354,LotusWear UE-75,Streetwear,Performance,L,white,13924.604716981134,13228.374481132076
721,355,LotusWear UE-76,Streetwear,Performance,XL,purple,5576.85,2954.61513
722,356,LotusWear UE-77,Streetwear,Performance,S,green,5234.413106796117,4911.449818106797
723,357,LotusWear UE-78,Streetwear,Performance,M,silver,79.5338128673553,45.82948301916322
724,358,LotusWear UE-79,Streetwear,Performance,L,pink,22.282140205705893,13.581138101656684
725,359,LotusWear UE-80,Streetwear,Performance,XL,yellow,13730.850000000002,13044.3075
726,360,LotusWear UE-81,Streetwear,Performance,S,red,9338.85,6702.492645
727,361,LotusWear UE-82,Streetwear,Performance,M,black,5023.154347826087,3094.2630782608694
728,362,LotusWear UE-83,Streetwear,Performance,L,orange,8816.85,4773.442590000001
729,363,LotusWear UE-84,Streetwear,Performance,XL,blue,26.40308628776172,14.657477477353249
730,364,LotusWear UE-85,Streetwear,Performance,S,white,14297.85,8923.288185000001
731,365,LotusWear UE-86,Streetwear,Performance,M,purple,7556.85,4276.421415000001
732,366,LotusWear UE-87,Streetwear,Performance,L,green,9131.85,6334.764345
733,367,LotusWear UE-88,Streetwear,Performance,XL,silver,9257.85,8448.71391
734,368,LotusWear UE-89,Streetwear,Performance,S,pink,9257.85,7730.304749999999
735,369,LotusWear UE-90,Streetwear,Performance,M,yellow,10489.213636363636,9695.180164090909
736,370,LotusWear UE-91,Streetwear,Performance,L,red,6485.85,3774.7647
737,371,LotusWear UE-92,Streetwear,Performance,XL,black,9446.85,8974.5075
738,372,LotusWear UE-93,Streetwear,Performance,S,orange,11966.85,6104.290185
739,373,LotusWear UE-94,Streetwear,Performance,M,blue,4532.85,3197.4723900000004
740,374,LotusWear UE-95,Streetwear,Performance,L,white,34.462112977447376,20.664745106520115
741,375,LotusWear UE-96,Streetwear,Performance,XL,purple,9362.19375,7022.581531875
742,376,LotusWear UE-97,Streetwear,Performance,S,green,27.074971448519623,16.507184606053585
743,377,LotusWear UE-98,Streetwear,Performance,M,silver,17.80954638992059,10.390523722361548
744,378,LotusWear UE-99,Streetwear,Performance,L,pink,9446.85,5805.089325
745,379,LotusWear UE-00,Streetwear,Performance,XL,yellow,6296.85,5142.00771
746,380,LotusWear UE-01,Streetwear,Performance,S,red,34.03621789696054,21.34381341794018
747,381,LotusWear UE-02,Streetwear,Performance,M,black,21.651581808104726,12.139172074290292
748,382,LotusWear UE-03,Streetwear,Performance,L,orange,11147.85,10315.105605
749,383,LotusWear UE-04,Streetwear,Performance,XL,blue,7286.85,6664.5530100000005
750,384,LotusWear UE-05,Streetwear,Performance,S,white,12596.850000000002,10771.566435
751,385,LotusWear UE-06,Streetwear,Performance,M,purple,8816.85,7770.289905
752,386,LotusWear UE-07,Streetwear,Performance,L,green,5761.350000000001,3392.28288
753,396,SaigonFlex UM-01,Streetwear,Balanced,S,green,11028.42869470343,10091.01225565364
754,397,SaigonFlex UM-02,Streetwear,Balanced,M,silver,17955.91601226994,17058.120211656442
755,398,SaigonFlex UM-03,Streetwear,Balanced,L,pink,18902.079677419355,15269.099963419354
756,399,SaigonFlex UM-04,Streetwear,Balanced,XL,yellow,40.02230694329042,22.312987555176583
757,400,SaigonFlex UM-05,Streetwear,Balanced,S,red,9886.802879868348,7227.252905183763
758,401,SaigonFlex UM-06,Streetwear,Balanced,M,black,11384.1,10814.895
759,402,SaigonFlex UM-07,Streetwear,Balanced,L,orange,12352.398169014086,11202.389899478874
760,403,SaigonFlex UM-08,Streetwear,Balanced,XL,blue,13752.81,7730.454500999999
761,404,SaigonFlex UM-09,Streetwear,Balanced,S,white,22378.448212290503,17936.326242150837
762,405,SaigonFlex UM-10,Streetwear,Balanced,M,purple,22994.37,14155.334172000004
763,406,SaigonFlex UM-11,Streetwear,Balanced,L,green,23003.533636363634,15607.897572272726
764,407,SaigonFlex UM-12,Streetwear,Balanced,XL,silver,19779.22981322719,18790.26832256583
765,408,SaigonFlex UM-13,Streetwear,Balanced,S,pink,16386.067674418606,15566.764290697674
766,409,SaigonFlex UM-14,Streetwear,Balanced,M,yellow,11606.281900452488,10763.665834479638
767,410,SaigonFlex UM-15,Streetwear,Balanced,L,red,17643.046721311475,16760.8943852459
768,411,SaigonFlex UM-16,Streetwear,Balanced,XL,black,22.925052456218573,14.278155394319832
769,412,SaigonFlex UM-17,Streetwear,Balanced,S,orange,19533.022173913043,17015.21561569565
770,413,SaigonFlex UM-18,Streetwear,Balanced,M,blue,14675.85,10280.432925
771,414,SaigonFlex UM-19,Streetwear,Balanced,L,white,6484.525568181818,4763.532482386364
772,415,SaigonFlex UM-20,Streetwear,Balanced,XL,purple,9929.025555555556,9299.525335333334
773,416,SaigonFlex UM-21,Streetwear,Balanced,S,green,10765.597500000002,9498.48667425
774,417,SaigonFlex UM-22,Streetwear,Balanced,M,silver,11199.107872340424,8260.461966638297
775,418,SaigonFlex UM-23,Streetwear,Balanced,L,pink,10896.09205263158,9394.610567778947
776,419,SaigonFlex UM-24,Streetwear,Balanced,XL,yellow,18774.585398230087,12475.711997123895
777,420,SaigonFlex UM-25,Streetwear,Balanced,S,red,14672.77455621302,13939.135828402366
778,421,SaigonFlex UM-26,Streetwear,Balanced,M,black,21110.51634146341,17857.385773243903
779,422,SaigonFlex UM-27,Streetwear,Balanced,L,orange,10127.632355305466,5669.448592500001
780,423,SaigonFlex UM-28,Streetwear,Balanced,XL,blue,12518.475688073391,11892.551903669722
781,424,SaigonFlex UM-29,Streetwear,Balanced,S,white,20475.451545064378,12027.280237570814
782,425,SaigonFlex UM-30,Streetwear,Balanced,M,purple,12149.68174904943,11542.197661596958
783,426,SaigonFlex UM-31,Streetwear,Balanced,L,green,11422.280511627909,9893.979379172091
784,427,SaigonFlex UM-32,Streetwear,Balanced,XL,silver,12186.983009708738,8692.974980825244
785,428,SaigonFlex UM-33,Streetwear,Balanced,S,pink,14291.702003988035,13021.1696958335
786,429,SaigonFlex UM-34,Streetwear,Balanced,M,yellow,22679.37,16660.265202
787,430,SaigonFlex UM-35,Streetwear,Balanced,L,red,11001.0495,10450.997025
788,431,SaigonFlex UM-36,Streetwear,Balanced,XL,black,12437.648350515465,9655.346414505157
789,432,SaigonFlex UM-37,Streetwear,Balanced,S,orange,11109.203179972936,10553.743020974289
790,433,SaigonFlex UM-38,Streetwear,Balanced,M,blue,11459.313318584072,6543.267904911505
791,434,SaigonFlex UM-39,Streetwear,Balanced,L,white,61.55762709465135,36.90682186922416
792,435,SaigonFlex UM-40,Streetwear,Balanced,XL,purple,20162.558053691275,19154.43015100671
793,436,SaigonFlex UM-41,Streetwear,Balanced,S,green,22367.919512195123,16637.258533170734
794,437,SaigonFlex UM-42,Streetwear,Balanced,M,silver,9651.796875,9169.20703125
795,438,SaigonFlex UM-43,Streetwear,Balanced,L,pink,11718.531191363438,6680.734632196296
796,439,SaigonFlex UM-44,Streetwear,Balanced,XL,yellow,12969.81,12321.3195
797,440,SaigonFlex UM-45,Streetwear,Balanced,S,red,19538.72371179039,12420.766663585153
798,441,SaigonFlex UM-46,Streetwear,Balanced,M,black,24.20837585679796,14.981117116583182
799,442,SaigonFlex UM-47,Streetwear,Balanced,L,orange,9240.095454545455,8778.090681818181
800,443,SaigonFlex UM-48,Streetwear,Balanced,XL,blue,10801.314772663089,6176.1917870087545
801,444,SaigonFlex UM-49,Streetwear,Balanced,S,white,13238.5575,12576.629625
802,445,SaigonFlex UM-50,Streetwear,Balanced,M,purple,10819.789797297297,7440.769443601352
803,446,SaigonFlex UM-51,Streetwear,Balanced,L,green,29.11272586459657,17.27790013624841
804,447,SaigonFlex UM-52,Streetwear,Balanced,XL,silver,18516.81586715867,14254.244854538743
805,448,SaigonFlex UM-53,Streetwear,Balanced,S,pink,45.85145292907159,26.348088233858423
806,449,SaigonFlex UM-54,Streetwear,Balanced,M,yellow,12600.87163103917,11279.04019694316
807,450,SaigonFlex UM-55,Streetwear,Balanced,L,red,20605.7840625,17102.800771874998
808,451,SaigonFlex UM-56,Streetwear,Balanced,XL,black,11090.666339746598,8601.920813107461
809,452,SaigonFlex UM-57,Streetwear,Balanced,S,orange,13107.434516129031,7168.455936870969
810,453,SaigonFlex UM-58,Streetwear,Balanced,M,blue,20.23986700354174,12.789779049149818
811,454,SaigonFlex UM-59,Streetwear,Balanced,L,white,36.26974685611732,22.847821927161068
812,455,SaigonFlex UM-60,Streetwear,Balanced,XL,purple,11674.470652173914,8494.34484652174
813,456,SaigonFlex UM-61,Streetwear,Balanced,S,green,14175.284700544466,10311.102091176042
814,457,SaigonFlex UM-62,Streetwear,Balanced,M,silver,11969.920218340612,6455.377973751093
815,458,SaigonFlex UM-63,Streetwear,Balanced,L,pink,21423.246923076924,16733.698171615386
816,459,SaigonFlex UM-64,Streetwear,Balanced,XL,yellow,12111.791176470588,8626.017675882353
817,460,SaigonFlex UM-65,Streetwear,Balanced,S,red,10932.551358574608,9115.56132277951
818,461,SaigonFlex UM-66,Streetwear,Balanced,M,black,13863.650487804878,13170.467963414634
819,462,SaigonFlex UM-67,Streetwear,Balanced,L,orange,24321.97975609756,20085.09088258537
820,463,SaigonFlex UM-68,Streetwear,Balanced,XL,blue,55.86047711324281,34.60387004336497
821,464,SaigonFlex UM-69,Streetwear,Balanced,S,white,7809.460209424084,4229.603649424084
822,465,SaigonFlex UM-70,Streetwear,Balanced,M,purple,14179.444183976262,13470.471974777449
823,466,SaigonFlex UM-71,Streetwear,Balanced,L,green,11204.621320754715,8977.14260218868
824,467,SaigonFlex UM-72,Streetwear,Balanced,XL,silver,11081.167628705149,6350.61716801092
825,468,SaigonFlex UM-73,Streetwear,Balanced,S,pink,17.409337603805483,10.048922339220054
826,469,SaigonFlex UM-74,Streetwear,Balanced,M,yellow,35.6537219313758,21.713939069448784
827,470,SaigonFlex UM-75,Streetwear,Balanced,L,red,12524.873693181818,7330.8085726193185
828,471,SaigonFlex UM-76,Streetwear,Balanced,XL,black,11232.976407322654,10671.32758695652
829,472,SaigonFlex UM-77,Streetwear,Balanced,S,orange,11541.579742765272,10964.500755627008
830,473,SaigonFlex UM-78,Streetwear,Balanced,M,blue,18458.3,13679.446129999998
831,474,SaigonFlex UM-79,Streetwear,Balanced,L,white,36.743197912068986,21.535092385273764
832,475,SaigonFlex UM-80,Streetwear,Balanced,XL,purple,12606.228520360584,10040.861016467206
833,476,SaigonFlex UM-81,Streetwear,Balanced,S,green,23472.73046511628,14022.609179860465
834,477,SaigonFlex UM-82,Streetwear,Balanced,M,silver,16438.628181818185,10491.132505636364
835,478,SaigonFlex UM-83,Streetwear,Balanced,L,pink,17103.87,10599.268238999995
836,479,SaigonFlex UM-84,Streetwear,Balanced,XL,yellow,11566.749193548389,8072.434262177418
837,480,SaigonFlex UM-85,Streetwear,Balanced,S,red,45.27382942735669,25.31523330168555
838,481,SaigonFlex UM-86,Streetwear,Balanced,M,black,9576.343636363636,9097.526454545456
839,482,SaigonFlex UM-87,Streetwear,Balanced,L,orange,7907.13,6264.028386
840,483,SaigonFlex UM-88,Streetwear,Balanced,XL,blue,19535.011791044777,18558.261201492536
841,484,SaigonFlex UM-89,Streetwear,Balanced,S,white,15627.15,11739.11508
842,485,SaigonFlex UM-90,Streetwear,Balanced,M,purple,10231.442307692309,9719.870192307691
843,486,SaigonFlex UM-91,Streetwear,Balanced,L,green,11767.717834394904,6218.062103694268
844,487,SaigonFlex UM-92,Streetwear,Balanced,XL,silver,13019.79912189546,11027.769856245455
845,488,SaigonFlex UM-93,Streetwear,Balanced,S,pink,12855.294845488255,8786.594026891224
846,489,SaigonFlex UM-94,Streetwear,Balanced,M,yellow,10349.290430769232,7115.137171153847
847,490,SaigonFlex UM-95,Streetwear,Balanced,L,red,9468.391211401426,5174.475797030879
848,491,SaigonFlex UM-96,Streetwear,Balanced,XL,black,11060.080544680852,10507.076517446809
849,492,SaigonFlex UM-97,Streetwear,Balanced,S,orange,11054.693628318582,9357.79815637168
850,493,SaigonFlex UM-98,Streetwear,Balanced,M,blue,11636.1,11054.295
851,494,SaigonFlex UM-99,Streetwear,Balanced,L,white,19351.386393442623,13062.185815573772
852,495,SaigonFlex UM-00,Streetwear,Balanced,XL,purple,8656.966557377049,6242.53858452459
853,496,SaigonFlex UM-01,Streetwear,Balanced,S,green,11338.433980634749,10771.51228160301
854,497,SaigonFlex UM-02,Streetwear,Balanced,M,silver,17957.93108108108,17060.034527027023
855,498,SaigonFlex UM-03,Streetwear,Balanced,L,pink,17636.85,15859.055519999998
856,499,SaigonFlex UM-04,Streetwear,Balanced,XL,yellow,11293.2135989011,6445.037000892857
857,500,SaigonFlex UM-05,Streetwear,Balanced,S,red,10989.306953642385,8723.311859801326
858,501,SaigonFlex UM-06,Streetwear,Balanced,M,black,13211.57028169014,7279.575225211268
859,502,SaigonFlex UM-07,Streetwear,Balanced,L,orange,13275.297368421052,10121.086713684212
860,503,SaigonFlex UM-08,Streetwear,Balanced,XL,blue,21108.804545454543,18867.04950272728
861,504,SaigonFlex UM-09,Streetwear,Balanced,S,white,22059.311538461538,14451.054988846152
862,505,SaigonFlex UM-10,Streetwear,Balanced,M,purple,23693.57689655172,17609.06634951724
863,506,SaigonFlex UM-11,Streetwear,Balanced,L,green,15456.909752650176,14463.03045555477
864,507,SaigonFlex UM-12,Streetwear,Balanced,XL,silver,24574.291875,23345.57728125
865,508,SaigonFlex UM-13,Streetwear,Balanced,S,pink,11576.454545454546,7095.208990909091
866,509,SaigonFlex UM-14,Streetwear,Balanced,M,yellow,20.19065181083324,12.956974396309146
867,510,SaigonFlex UM-15,Streetwear,Balanced,L,red,11057.58904706566,10398.556739860544
868,511,SaigonFlex UM-16,Streetwear,Balanced,XL,black,20805.12,13741.781759999998
869,74,DragonWear UM-01,Streetwear,Balanced,L,white,13273.377049180328,8752.464826229509
870,75,DragonWear UM-02,Streetwear,Balanced,XL,purple,19.5273755372664,11.007227424141442
871,76,DragonWear UM-03,Streetwear,Balanced,S,green,10388.7,9422.5509
872,77,DragonWear UM-04,Streetwear,Balanced,M,silver,40.8038576116908,26.31945665469133
873,78,DragonWear UM-05,Streetwear,Balanced,L,pink,37.29256098251077,22.174178289039563
874,79,DragonWear UM-06,Streetwear,Balanced,XL,yellow,36.605450135907525,20.8106849942608
875,80,DragonWear UM-07,Streetwear,Balanced,S,red,38.03775746056954,22.98203628371633
876,81,DragonWear UM-08,Streetwear,Balanced,M,black,25.22889870213224,16.07824049275014
877,82,DragonWear UM-09,Streetwear,Balanced,L,orange,36.33936099929246,22.64750699760115
878,83,DragonWear UM-10,Streetwear,Balanced,XL,blue,37.23424823877981,23.48200633125174
879,84,DragonWear UM-11,Streetwear,Balanced,S,white,24.88485617703392,15.326043830610496
880,85,DragonWear UM-12,Streetwear,Balanced,M,purple,69.84718641169982,43.25130955146786
881,86,DragonWear UM-13,Streetwear,Balanced,L,green,14175.0,13466.25
882,87,DragonWear UM-14,Streetwear,Balanced,XL,silver,40.02615711874029,25.413390272717606
883,88,DragonWear UM-15,Streetwear,Balanced,S,pink,10710.0,5994.387
884,89,DragonWear UM-16,Streetwear,Balanced,M,yellow,10073.7,6682.89258
885,90,DragonWear UM-17,Streetwear,Balanced,L,red,20.56269683739288,11.822868018182778
886,91,DragonWear UM-18,Streetwear,Balanced,XL,black,43.06116054797477,25.791158994948525
887,92,DragonWear UM-19,Streetwear,Balanced,S,orange,11626.60103626943,9137.345754404145
888,93,DragonWear UM-20,Streetwear,Balanced,M,blue,12532.031818181818,7611.956126363636
889,94,DragonWear UM-21,Streetwear,Balanced,L,white,10703.7,9943.7373
890,95,DragonWear UM-22,Streetwear,Balanced,XL,purple,22.423899496901825,12.829182552408856
891,96,DragonWear UM-23,Streetwear,Balanced,S,green,45.36921727539555,29.434041946543253
892,97,DragonWear UM-24,Streetwear,Balanced,M,silver,7609.360194174757,3939.365772524272
893,98,DragonWear UM-25,Streetwear,Balanced,L,pink,52.6379968011183,33.92023749086405
894,99,DragonWear UM-26,Streetwear,Balanced,XL,yellow,9443.7,8971.515
895,100,DragonWear UM-27,Streetwear,Balanced,S,red,12474.0,7666.520399999999
896,101,DragonWear UM-28,Streetwear,Balanced,M,black,23.84863713844093,13.21077799792784
897,102,DragonWear UM-29,Streetwear,Balanced,L,orange,48.68400086099692,30.21122270417349
898,103,DragonWear UM-30,Streetwear,Balanced,XL,blue,10425.177091172214,7115.183364725037
899,104,DragonWear UM-31,Streetwear,Balanced,S,white,39.06052517796674,25.097357367710305
900,105,DragonWear UM-32,Streetwear,Balanced,M,purple,46.008403472897605,26.13542024368129
901,106,DragonWear UM-33,Streetwear,Balanced,L,green,11626.290319148937,11044.97580319149
902,107,DragonWear UM-34,Streetwear,Balanced,XL,silver,6788.18593220339,4684.52711181356
903,108,DragonWear UM-35,Streetwear,Balanced,S,pink,11844.0,9063.0288
904,109,DragonWear UM-36,Streetwear,Balanced,M,yellow,14767.077006507592,14028.723156182212
905,110,DragonWear UM-37,Streetwear,Balanced,L,red,70.71920615351613,42.91202696876963
906,111,DragonWear UM-38,Streetwear,Balanced,XL,black,9513.0,9037.35
907,112,DragonWear UM-39,Streetwear,Balanced,S,orange,30.019427445814017,19.258928547891312
908,113,DragonWear UM-40,Streetwear,Balanced,M,blue,24.49589455331665,13.555895715518846
909,114,DragonWear UM-41,Streetwear,Balanced,L,white,10640.7,5747.04207
910,115,DragonWear UM-42,Streetwear,Balanced,XL,purple,10818.745208023774,9215.40716819465
911,116,DragonWear UM-43,Streetwear,Balanced,S,green,23.2009732482921,14.378618182881723
912,117,DragonWear UM-44,Streetwear,Balanced,M,silver,23.89515899746957,13.852857629498953
913,118,DragonWear UM-45,Streetwear,Balanced,L,pink,18868.5,10428.619950000002
914,119,DragonWear UM-46,Streetwear,Balanced,XL,yellow,32.10973696022596,20.62856719618168
915,120,DragonWear UM-47,Streetwear,Balanced,S,red,37.95726000127293,24.56236402951228
916,121,DragonWear UM-48,Streetwear,Balanced,M,black,36.99106214195303,23.83802621581005
917,122,DragonWear UM-49,Streetwear,Balanced,L,orange,46.10278220105583,27.542789685301045
918,123,DragonWear UM-50,Streetwear,Balanced,XL,blue,33.288125997666015,21.17804773686574
919,124,DragonWear UM-51,Streetwear,Balanced,S,white,59.22913883606159,37.57821971780847
920,125,DragonWear UM-52,Streetwear,Balanced,M,purple,6671.7,6338.115
921,126,DragonWear UM-53,Streetwear,Balanced,L,green,29.7889424731643,17.33448492430065
922,127,DragonWear UM-54,Streetwear,Balanced,XL,silver,98.30428985475488,62.21595412371517
923,128,DragonWear UM-55,Streetwear,Balanced,S,pink,42.5324340547644,23.55024120842637
924,129,DragonWear UM-56,Streetwear,Balanced,M,yellow,23.503209291778774,14.328190685313045
925,199,IndigoViet UM-01,Streetwear,Balanced,XL,yellow,15105.674347826089,11904.78195352174
926,200,IndigoViet UM-02,Streetwear,Balanced,S,red,14491.708235294118,8826.899486117647
927,201,IndigoViet UM-03,Streetwear,Balanced,M,black,18386.83451612903,15661.90564083871
928,202,IndigoViet UM-04,Streetwear,Balanced,L,orange,16231.71508474576,15420.129330508473
929,203,IndigoViet UM-05,Streetwear,Balanced,XL,blue,12468.703333333337,11003.630691666667
930,204,IndigoViet UM-06,Streetwear,Balanced,S,white,10730.285073529412,6927.472043470589
931,205,IndigoViet UM-07,Streetwear,Balanced,M,purple,12837.05181818182,7742.025951545455
932,206,IndigoViet UM-08,Streetwear,Balanced,L,green,10546.53264,5820.631364016001
933,207,IndigoViet UM-09,Streetwear,Balanced,XL,silver,11575.161549295775,8926.764586816902
934,208,IndigoViet UM-10,Streetwear,Balanced,S,pink,17521.536666666667,9855.864375
935,209,IndigoViet UM-11,Streetwear,Balanced,M,yellow,19214.37,13083.064533
936,210,IndigoViet UM-12,Streetwear,Balanced,L,red,15511.570819672132,10377.240878360655
937,223,LotusWear UM-01,Streetwear,Balanced,XL,blue,10136.85,5587.4317200000005
938,224,LotusWear UM-02,Streetwear,Balanced,S,white,7682.090963855422,5061.729736084338
939,225,LotusWear UM-03,Streetwear,Balanced,M,purple,9131.85,5558.557095
940,226,LotusWear UM-04,Streetwear,Balanced,L,green,8879.85,8435.8575
941,227,LotusWear UM-05,Streetwear,Balanced,XL,silver,9546.096575342466,5405.954490616439
942,228,LotusWear UM-06,Streetwear,Balanced,S,pink,7714.35,4099.40559
943,817,HanoiStreet UM-01,Streetwear,Balanced,M,silver,4913.37,3947.892795
944,818,HanoiStreet UM-02,Streetwear,Balanced,L,pink,21.57732512939597,12.363826367646892
945,819,HanoiStreet UM-03,Streetwear,Balanced,XL,yellow,14579.50153846154,12477.137416615386
946,820,HanoiStreet UM-04,Streetwear,Balanced,S,red,12599.37,11653.157313000002
947,821,HanoiStreet UM-05,Streetwear,Balanced,M,black,40.164718704262754,22.574848792573857
948,822,HanoiStreet UM-06,Streetwear,Balanced,L,orange,4674.7290361445785,4440.992584337349
949,823,HanoiStreet UM-07,Streetwear,Balanced,XL,blue,7496.369999999999,7121.551499999999
950,824,HanoiStreet UM-08,Streetwear,Balanced,S,white,5543.37,4445.228403
951,825,HanoiStreet UM-09,Streetwear,Balanced,M,purple,30.28385965302172,16.88916680496091
952,826,HanoiStreet UM-10,Streetwear,Balanced,L,green,12730.405428472704,12093.885157049066
953,827,HanoiStreet UM-11,Streetwear,Balanced,XL,silver,7496.37,6075.807885
954,828,HanoiStreet UM-12,Streetwear,Balanced,S,pink,10146.73689473684,8943.333899021052
955,829,HanoiStreet UM-13,Streetwear,Balanced,M,yellow,3815.5614893617017,2691.1155184468084
956,830,HanoiStreet UM-14,Streetwear,Balanced,L,red,44.0621085973863,27.30215489435084
957,831,HanoiStreet UM-15,Streetwear,Balanced,XL,black,40.01662728349383,23.369209980731377
958,832,HanoiStreet UM-16,Streetwear,Balanced,S,orange,32.164663236602394,20.021752693261533
959,833,HanoiStreet UM-17,Streetwear,Balanced,M,blue,23.600844912613496,13.1347111882626
960,834,HanoiStreet UM-18,Streetwear,Balanced,L,white,13229.370000000004,10026.539523
961,835,HanoiStreet UM-19,Streetwear,Balanced,XL,purple,6299.37,5984.4015
962,836,HanoiStreet UM-20,Streetwear,Balanced,S,green,10079.37,9571.369752
963,837,HanoiStreet UM-21,Streetwear,Balanced,M,silver,10059.6825,9556.698375
964,838,HanoiStreet UM-22,Streetwear,Balanced,L,pink,10919.37,10373.4015
965,839,HanoiStreet UM-23,Streetwear,Balanced,XL,yellow,9597.8685,7830.90090915
966,840,HanoiStreet UM-24,Streetwear,Balanced,S,red,11024.37,9145.817352
967,841,HanoiStreet UM-25,Streetwear,Balanced,M,black,18.06653099279958,10.506212312054467
968,842,HanoiStreet UM-26,Streetwear,Balanced,L,orange,9071.37,6994.933407
969,843,HanoiStreet UM-27,Streetwear,Balanced,XL,blue,6299.37,5984.4015
970,844,HanoiStreet UM-28,Streetwear,Balanced,S,white,27.69893650605924,16.728748583640208
971,845,HanoiStreet UM-29,Streetwear,Balanced,M,purple,46.644709743829566,29.34289561026984
972,846,HanoiStreet UM-30,Streetwear,Balanced,L,green,6985.37,6636.1015
973,847,HanoiStreet UM-31,Streetwear,Balanced,XL,silver,6929.37,5692.477455
974,848,HanoiStreet UM-32,Streetwear,Balanced,S,pink,36.07634897741269,20.99193459089709
975,849,HanoiStreet UM-33,Streetwear,Balanced,M,yellow,4137.985384615385,3139.075712769231
976,850,HanoiStreet UM-34,Streetwear,Balanced,L,red,20.11980168384474,12.325171963068732
977,851,HanoiStreet UM-35,Streetwear,Balanced,XL,black,35.49075962480593,22.664320123200994
978,852,HanoiStreet UM-36,Streetwear,Balanced,S,orange,9109.170000000002,8653.711500000001
979,853,HanoiStreet UM-37,Streetwear,Balanced,M,blue,5165.37,4329.613133999999
980,854,HanoiStreet UM-38,Streetwear,Balanced,L,white,8770.989617224881,8332.440136363637
981,1027,MekongStyle UM-01,Streetwear,Balanced,XL,silver,14736.2840625,13999.469859375
982,1028,MekongStyle UM-02,Streetwear,Balanced,S,pink,13423.977329842932,12210.449779225131
983,1124,MekongFit UM-01,Streetwear,Balanced,S,white,8199.463653250774,7789.490470588234
984,1125,MekongFit UM-02,Streetwear,Balanced,M,purple,11760.3675,9002.56132125
985,1126,MekongFit UM-03,Streetwear,Balanced,L,green,8742.781764705884,6289.557201529413
986,1127,MekongFit UM-04,Streetwear,Balanced,XL,silver,9359.509534883722,8891.534058139536
987,1128,MekongFit UM-05,Streetwear,Balanced,S,pink,11024.37,6125.139972
988,1129,MekongFit UM-06,Streetwear,Balanced,M,yellow,5529.824602774275,3583.3263425977298
989,1130,MekongFit UM-07,Streetwear,Balanced,L,red,11780.37,10067.504202
990,1131,MekongFit UM-08,Streetwear,Balanced,XL,black,5230.89963671128,3135.924332208413
991,1132,MekongFit UM-09,Streetwear,Balanced,S,orange,7701.12,4741.579584000001
992,1133,MekongFit UM-10,Streetwear,Balanced,M,blue,7748.37,4407.272856
993,1134,MekongFit UM-11,Streetwear,Balanced,L,white,11011.57028818444,8816.96432974928
994,1135,MekongFit UM-12,Streetwear,Balanced,XL,purple,11528.37,10951.9515
995,1136,MekongFit UM-13,Streetwear,Balanced,S,green,9134.37,8677.6515
996,1137,MekongFit UM-14,Streetwear,Balanced,M,silver,9511.97335781742,5349.533816436517
997,1138,MekongFit UM-15,Streetwear,Balanced,L,pink,2691.99,1457.981784
998,1139,MekongFit UM-16,Streetwear,Balanced,XL,yellow,8189.176153846154,6091.928140846154
999,1140,MekongFit UM-17,Streetwear,Balanced,S,red,9570.261891891892,5120.090112162163
1000,1141,MekongFit UM-18,Streetwear,Balanced,M,black,10507.848260869563,9982.455847826086
1001,1142,MekongFit UM-19,Streetwear,Balanced,L,orange,8326.33408839779,7398.780470950277
1002,1143,MekongFit UM-20,Streetwear,Balanced,XL,blue,6625.844226804124,6294.552015463917
1003,1749,SaigonCore UM-01,Streetwear,Balanced,M,yellow,7101.188181818181,6343.491402818181
1004,1750,SaigonCore UM-02,Streetwear,Balanced,L,red,4962.51,2940.287175
1005,1751,SaigonCore UM-03,Streetwear,Balanced,XL,black,8189.370000000001,6178.060728
1006,1752,SaigonCore UM-04,Streetwear,Balanced,S,orange,9766.063636363637,9277.760454545454
1007,1753,SaigonCore UM-05,Streetwear,Balanced,M,blue,11333.7,6682.34952
1008,1754,SaigonCore UM-06,Streetwear,Balanced,L,white,38.63377724114878,23.627889604957712
1009,1863,BambooCraft UM-01,Streetwear,Balanced,XL,blue,10115.099166666669,6342.1671775
1010,1864,BambooCraft UM-02,Streetwear,Balanced,S,white,11978.285094339622,7438.515043584906
1011,1865,BambooCraft UM-03,Streetwear,Balanced,M,purple,23.25353179177501,13.33115554071414
1012,1866,BambooCraft UM-04,Streetwear,Balanced,L,green,13638.145862068968,9430.77786362069
1013,1867,BambooCraft UM-05,Streetwear,Balanced,XL,silver,11388.249310344829,5870.642519482759
1014,1868,BambooCraft UM-06,Streetwear,Balanced,S,pink,14247.512493297589,13535.136868632708
1015,1869,BambooCraft UM-07,Streetwear,Balanced,M,yellow,11339.37,7381.929870000001
1016,1870,BambooCraft UM-08,Streetwear,Balanced,L,red,10134.107704918031,9627.402319672132
1017,1871,BambooCraft UM-09,Streetwear,Balanced,XL,black,12087.152608695653,7307.892467217392
1018,1872,BambooCraft UM-10,Streetwear,Balanced,S,orange,15214.602558139535,10097.93171783721
1019,1873,BambooCraft UM-11,Streetwear,Balanced,M,blue,9675.597272727273,9191.817409090909
1020,1874,BambooCraft UM-12,Streetwear,Balanced,L,white,10118.745,9612.80775
1021,1875,BambooCraft UM-13,Streetwear,Balanced,XL,purple,13973.850935875216,11114.801034395146
1022,1876,BambooCraft UM-14,Streetwear,Balanced,S,green,17668.006363636363,16784.606045454544
1023,1877,BambooCraft UM-15,Streetwear,Balanced,M,silver,35.215630853528786,19.4545258610241
1024,1878,BambooCraft UM-16,Streetwear,Balanced,L,pink,9708.284634146345,7207.430512390245
1025,1879,BambooCraft UM-17,Streetwear,Balanced,XL,yellow,12504.491621621622,11879.26704054054
1026,1880,BambooCraft UM-18,Streetwear,Balanced,S,red,11356.870000000004,6008.919917
1027,1881,BambooCraft UM-19,Streetwear,Balanced,M,black,11652.151690140843,7134.61247987324
1028,1994,UrbanVN UM-01,Streetwear,Balanced,L,white,7359.568083067093,5306.248587891373
1029,1995,UrbanVN UM-02,Streetwear,Balanced,XL,purple,5159.312850739579,3025.421055673689
1030,1996,UrbanVN UM-03,Streetwear,Balanced,S,green,33.89554152763984,21.59179509154807
1031,1997,UrbanVN UM-04,Streetwear,Balanced,M,silver,9479.086981132075,7933.047894509435
1032,2110,PhoenixWear UM-01,Streetwear,Balanced,L,red,10835.37,10293.6015
1033,2111,PhoenixWear UM-02,Streetwear,Balanced,XL,black,6929.37,5689.01277
1034,2112,PhoenixWear UM-03,Streetwear,Balanced,S,orange,6863.706,6505.4205468
1035,2113,PhoenixWear UM-04,Streetwear,Balanced,M,blue,20.96410901157047,11.5748493811317
1036,2114,PhoenixWear UM-05,Streetwear,Balanced,L,white,10851.12,5601.3481440000005
1037,2115,PhoenixWear UM-06,Streetwear,Balanced,XL,purple,7572.40448275862,5696.71989237931
1038,2116,PhoenixWear UM-07,Streetwear,Balanced,S,green,6892.438965517242,6547.817017241379
1039,2117,PhoenixWear UM-08,Streetwear,Balanced,M,silver,8322.37,7906.2515
1040,2118,PhoenixWear UM-09,Streetwear,Balanced,L,pink,38.210675661195815,24.35816580518184
1041,2119,PhoenixWear UM-10,Streetwear,Balanced,XL,yellow,8315.37,7063.906814999999
1042,2120,PhoenixWear UM-11,Streetwear,Balanced,S,red,6667.367225806452,3474.365061367742
1043,2121,PhoenixWear UM-12,Streetwear,Balanced,M,black,7559.25,6029.257799999999
1044,2122,PhoenixWear UM-13,Streetwear,Balanced,L,orange,12072.087391304349,9086.660179434784
1045,2123,PhoenixWear UM-14,Streetwear,Balanced,XL,blue,7489.429322033899,5615.574105661017
1046,2124,PhoenixWear UM-15,Streetwear,Balanced,S,white,10854.356301369864,6990.205458082193
1047,2286,VietMotion UM-01,Streetwear,Balanced,L,green,8937.973131935883,8294.439066436498
1048,2287,VietMotion UM-02,Streetwear,Balanced,XL,silver,10079.37,7890.130836
1049,2288,VietMotion UM-03,Streetwear,Balanced,S,pink,41.44278538358636,24.9855947736624
1050,2289,VietMotion UM-04,Streetwear,Balanced,M,yellow,11018.7,9739.428929999998
1051,2290,VietMotion UM-05,Streetwear,Balanced,L,red,9669.87,7081.245801000001
1052,2291,VietMotion UM-06,Streetwear,Balanced,XL,black,11018.7,7937.87148
1053,2292,VietMotion UM-07,Streetwear,Balanced,S,orange,8635.538709677421,6930.883368387097
1054,2293,VietMotion UM-08,Streetwear,Balanced,M,blue,9638.37,9156.4515
1055,2294,VietMotion UM-09,Streetwear,Balanced,L,white,51.07118772891244,32.88508352299283
1056,2295,VietMotion UM-10,Streetwear,Balanced,XL,purple,10934.453696808512,10387.731011968086
1057,2296,VietMotion UM-11,Streetwear,Balanced,S,green,10640.7,8784.961920000002
1058,2297,VietMotion UM-12,Streetwear,Balanced,M,silver,50.47715313856764,31.794464597878992
1059,130,DragonWear UR-01,Streetwear,Standard,L,red,19.08556428728413,12.401673920112046
1060,131,DragonWear UR-02,Streetwear,Standard,XL,black,22.756936136138982,13.314427513518831
1061,132,DragonWear UR-03,Streetwear,Standard,S,orange,9387.0,7485.1938
1062,133,DragonWear UR-04,Streetwear,Standard,M,blue,8820.985714285714,7253.496552857143
1063,134,DragonWear UR-05,Streetwear,Standard,L,white,40.69129171925744,25.50199869244104
1064,135,DragonWear UR-06,Streetwear,Standard,XL,purple,40.67096228171263,24.00372095766753
1065,136,DragonWear UR-07,Streetwear,Standard,S,green,5005.35,4469.77755
1066,137,DragonWear UR-08,Streetwear,Standard,M,silver,40.69149385940541,24.333007208360467
1067,138,DragonWear UR-09,Streetwear,Standard,L,pink,154.63888062104218,94.75505858314092
1068,139,DragonWear UR-10,Streetwear,Standard,XL,yellow,41.6106525032774,26.521286356649966
1069,140,DragonWear UR-11,Streetwear,Standard,S,red,52.15532346340829,33.81794706998278
1070,141,DragonWear UR-12,Streetwear,Standard,M,black,8183.7,7774.514999999999
1071,142,DragonWear UR-13,Streetwear,Standard,L,orange,48.50179004454419,30.402248106105507
1072,143,DragonWear UR-14,Streetwear,Standard,XL,blue,5549.752173913043,3170.018441739131
1073,144,DragonWear UR-15,Streetwear,Standard,S,white,5789.7,5500.214999999999
1074,145,DragonWear UR-16,Streetwear,Standard,M,purple,42.972333451896645,25.43002474538521
1075,146,DragonWear UR-17,Streetwear,Standard,L,green,29.191930027143464,17.28558392762082
1076,147,DragonWear UR-18,Streetwear,Standard,XL,silver,44.86184643545983,27.9829459342423
1077,148,DragonWear UR-19,Streetwear,Standard,S,pink,8284.5,7108.101000000001
1078,149,DragonWear UR-20,Streetwear,Standard,M,yellow,24.30956548346552,13.950717882006987
1079,150,DragonWear UR-21,Streetwear,Standard,L,red,6524.2531914893625,4447.5834006382975
1080,151,DragonWear UR-22,Streetwear,Standard,XL,black,30.12250471383129,16.90015329196289
1081,152,DragonWear UR-23,Streetwear,Standard,S,orange,27.271837623888736,15.966630483240037
1082,153,DragonWear UR-24,Streetwear,Standard,M,blue,34.217925895939445,19.80273149585107
1083,154,DragonWear UR-25,Streetwear,Standard,L,white,83.58494554562807,48.44840986139958
1084,155,DragonWear UR-26,Streetwear,Standard,XL,purple,6032.25,5730.6375
1085,156,DragonWear UR-27,Streetwear,Standard,S,green,15.6911039278997,8.996663510353542
1086,157,DragonWear UR-28,Streetwear,Standard,M,silver,43.57589263185027,24.15016577873028
1087,158,DragonWear UR-29,Streetwear,Standard,L,pink,17.372937016254994,9.586167633175872
1088,159,DragonWear UR-30,Streetwear,Standard,XL,yellow,27.418754599546137,17.788526811415327
1089,160,DragonWear UR-31,Streetwear,Standard,S,red,8757.0,8319.15
1090,161,DragonWear UR-32,Streetwear,Standard,M,black,51.19184483471268,30.34536424775848
1091,162,DragonWear UR-33,Streetwear,Standard,L,orange,33.97795757096608,19.99374011508968
1092,163,DragonWear UR-34,Streetwear,Standard,XL,blue,6636.2625,4713.73725375
1093,164,DragonWear UR-35,Streetwear,Standard,S,white,6815.393617021276,3720.523375531915
1094,165,DragonWear UR-36,Streetwear,Standard,M,purple,8309.284615384617,7893.820384615386
1095,166,DragonWear UR-37,Streetwear,Standard,L,green,21.518264558046184,13.29752851044007
1096,167,DragonWear UR-38,Streetwear,Standard,XL,silver,24.87537893001365,14.224373227866726
1097,168,DragonWear UR-39,Streetwear,Standard,S,pink,43.45991850151962,28.03147873924418
1098,169,DragonWear UR-40,Streetwear,Standard,M,yellow,24.725951184208856,15.543585995353366
1099,170,DragonWear UR-41,Streetwear,Standard,L,red,8793.62462686567,5372.025284552239
1100,171,DragonWear UR-42,Streetwear,Standard,XL,black,36.11049111896276,20.183637635922963
1101,172,DragonWear UR-43,Streetwear,Standard,S,orange,33.724640286606764,19.95682830302861
1102,229,LotusWear UR-01,Streetwear,Standard,M,yellow,6513.15,4765.02054
1103,230,LotusWear UR-02,Streetwear,Standard,L,red,8186.85,7777.5075
1104,231,LotusWear UR-03,Streetwear,Standard,XL,black,8690.85,8180.697105
1105,232,LotusWear UR-04,Streetwear,Standard,S,orange,25.51738184562763,16.277839769249763
1106,233,LotusWear UR-05,Streetwear,Standard,M,blue,4721.85,4485.7575
1107,234,LotusWear UR-06,Streetwear,Standard,L,white,5204.85,3942.15339
1108,235,LotusWear UR-07,Streetwear,Standard,XL,purple,6296.85,3378.260025
1109,236,LotusWear UR-08,Streetwear,Standard,S,green,6434.257407407407,5945.253844444444
1110,237,LotusWear UR-09,Streetwear,Standard,M,silver,6401.85,3225.892215
1111,238,LotusWear UR-10,Streetwear,Standard,L,pink,4412.916666666667,2846.3312500000006
1112,239,LotusWear UR-11,Streetwear,Standard,XL,yellow,4799.280167597765,4433.575018826817
1113,240,LotusWear UR-12,Streetwear,Standard,S,red,5537.754000000001,5115.2233698
1114,241,LotusWear UR-13,Streetwear,Standard,M,black,5036.85,3089.60379
1115,242,LotusWear UR-14,Streetwear,Standard,L,orange,5564.335207100592,3416.501817159764
1116,243,LotusWear UR-15,Streetwear,Standard,XL,blue,7241.85,6524.90685
1117,244,LotusWear UR-16,Streetwear,Standard,S,white,7556.85,7036.183035
1118,245,LotusWear UR-17,Streetwear,Standard,M,purple,78.06779655202614,50.31260283485738
1119,246,LotusWear UR-18,Streetwear,Standard,L,green,8877.426923076924,4855.952526923077
1120,247,LotusWear UR-19,Streetwear,Standard,XL,silver,4921.967647058824,4675.869264705882
1121,248,LotusWear UR-20,Streetwear,Standard,S,pink,6826.622727272727,5780.784125454546
1122,249,LotusWear UR-21,Streetwear,Standard,M,yellow,5036.85,3544.431345
1123,250,LotusWear UR-22,Streetwear,Standard,L,red,7556.85,6491.334150000001
1124,251,LotusWear UR-23,Streetwear,Standard,XL,black,6941.388461538462,5643.34881923077
1125,252,LotusWear UR-24,Streetwear,Standard,S,orange,7556.85,4964.094765
1126,253,LotusWear UR-25,Streetwear,Standard,M,blue,8816.85,5025.6045
1127,254,LotusWear UR-26,Streetwear,Standard,L,white,10076.85,8442.38493
1128,255,LotusWear UR-27,Streetwear,Standard,XL,purple,42.673051514511954,25.46472320973422
1129,256,LotusWear UR-28,Streetwear,Standard,S,green,5414.85,5144.1075
1130,257,LotusWear UR-29,Streetwear,Standard,M,silver,7052.85,5494.17015
1131,258,LotusWear UR-30,Streetwear,Standard,L,pink,8186.85,7777.5075
1132,259,LotusWear UR-31,Streetwear,Standard,XL,yellow,7345.98223140496,5610.126630123967
1133,260,LotusWear UR-32,Streetwear,Standard,S,red,7624.958108108109,4062.57768
1134,261,LotusWear UR-33,Streetwear,Standard,M,black,9446.85,5966.63046
1135,262,LotusWear UR-34,Streetwear,Standard,L,orange,4721.85,4485.7575
1136,263,LotusWear UR-35,Streetwear,Standard,XL,blue,6926.85,5641.919325000001
1137,264,LotusWear UR-36,Streetwear,Standard,S,white,8501.85,4445.617365
1138,265,LotusWear UR-37,Streetwear,Standard,M,purple,7871.850000000001,5976.3085200000005
1139,266,LotusWear UR-38,Streetwear,Standard,L,green,8501.85,4850.3054250000005
1140,267,LotusWear UR-39,Streetwear,Standard,XL,silver,4178.0440298507465,3405.105884328358
1141,268,LotusWear UR-40,Streetwear,Standard,S,pink,6170.850000000001,3552.558345
1142,269,LotusWear UR-41,Streetwear,Standard,M,yellow,5414.85,3976.665840000001
1143,270,LotusWear UR-42,Streetwear,Standard,L,red,5477.85,4012.525125
1144,271,LotusWear UR-43,Streetwear,Standard,XL,black,6296.85,5982.0075
1145,272,LotusWear UR-44,Streetwear,Standard,S,orange,7556.850000000001,5834.643885
1146,273,LotusWear UR-45,Streetwear,Standard,M,blue,5173.35,3073.487235
1147,274,LotusWear UR-46,Streetwear,Standard,L,white,7241.85,5346.657855
1148,275,LotusWear UR-47,Streetwear,Standard,XL,purple,9446.85,7969.362660000002
1149,276,LotusWear UR-48,Streetwear,Standard,S,green,5749.060762331839,3331.5807117713007
1150,277,LotusWear UR-49,Streetwear,Standard,M,silver,8678.25,6332.5190250000005
1151,278,LotusWear UR-50,Streetwear,Standard,L,pink,4721.85,3265.1592750000004
1152,279,LotusWear UR-51,Streetwear,Standard,XL,yellow,8186.85,6045.988725
1153,512,SaigonFlex UR-01,Streetwear,Standard,S,orange,2895.329458972047,2518.9366293056805
1154,855,HanoiStreet UR-01,Streetwear,Standard,XL,purple,14.730835728230662,9.005565891355735
1155,856,HanoiStreet UR-02,Streetwear,Standard,S,green,35.679693802545806,20.219803596519814
1156,857,HanoiStreet UR-03,Streetwear,Standard,M,silver,25.413624150312284,16.49641197609441
1157,858,HanoiStreet UR-04,Streetwear,Standard,L,pink,46.570781307914125,26.69284293338884
1158,859,HanoiStreet UR-05,Streetwear,Standard,XL,yellow,24.11880205611212,15.539097236098918
1159,860,HanoiStreet UR-06,Streetwear,Standard,S,red,7496.37,4533.054939
1160,861,HanoiStreet UR-07,Streetwear,Standard,M,black,31.629980582212404,19.45132040950962
1161,862,HanoiStreet UR-08,Streetwear,Standard,L,orange,2246.328984375,1699.7971424765624
1162,863,HanoiStreet UR-09,Streetwear,Standard,XL,blue,3653.37,3470.7015
1163,864,HanoiStreet UR-10,Streetwear,Standard,S,white,40.5280736934613,24.753480692311555
1164,865,HanoiStreet UR-11,Streetwear,Standard,M,purple,46.81960744428506,28.15117157705557
1165,866,HanoiStreet UR-12,Streetwear,Standard,L,green,20.488862322836887,11.741490478992276
1166,867,HanoiStreet UR-13,Streetwear,Standard,XL,silver,28.96822401621191,16.44389356654421
1167,868,HanoiStreet UR-14,Streetwear,Standard,S,pink,27.385724542743347,15.665965957215796
1168,869,HanoiStreet UR-15,Streetwear,Standard,M,yellow,25.499741298868727,14.500270459666716
1169,870,HanoiStreet UR-16,Streetwear,Standard,L,red,67.0998424584302,42.13591288807336
1170,871,HanoiStreet UR-17,Streetwear,Standard,XL,black,38.93885846883879,22.779719949167216
1171,872,HanoiStreet UR-18,Streetwear,Standard,S,orange,19.99828296794901,11.114731053725793
1172,873,HanoiStreet UR-19,Streetwear,Standard,M,blue,47.80569519896546,30.92599485473374
1173,874,HanoiStreet UR-20,Streetwear,Standard,L,white,77.39037963933177,49.4043613173527
1174,875,HanoiStreet UR-21,Streetwear,Standard,XL,purple,6314.414776119403,4917.666227641791
1175,876,HanoiStreet UR-22,Streetwear,Standard,S,green,6929.369999999999,6582.901499999999
1176,877,HanoiStreet UR-23,Streetwear,Standard,M,silver,50.04817813604396,32.16972912837173
1177,878,HanoiStreet UR-24,Streetwear,Standard,L,pink,18.03387644120589,11.712836517062742
1178,879,HanoiStreet UR-25,Streetwear,Standard,XL,yellow,27.28416155070732,15.480747460149525
1179,880,HanoiStreet UR-26,Streetwear,Standard,S,red,54.9687289874747,32.410892958162094
1180,881,HanoiStreet UR-27,Streetwear,Standard,M,black,567.63,338.13719100000003
1181,882,HanoiStreet UR-28,Streetwear,Standard,L,orange,9197.37,8737.5015
1182,883,HanoiStreet UR-29,Streetwear,Standard,XL,blue,24.95145691183151,15.615216767049676
1183,884,HanoiStreet UR-30,Streetwear,Standard,S,white,39.54850017556203,24.50433225008864
1184,885,HanoiStreet UR-31,Streetwear,Standard,M,purple,45.14383029070082,25.52385172770945
1185,886,HanoiStreet UR-32,Streetwear,Standard,L,green,22.856323333326387,14.435672402411877
1186,887,HanoiStreet UR-33,Streetwear,Standard,XL,silver,32.33628122463447,18.510712018461764
1187,888,HanoiStreet UR-34,Streetwear,Standard,S,pink,9.056593572436444,5.183828982020106
1188,889,HanoiStreet UR-35,Streetwear,Standard,M,yellow,21.98246177675812,13.270755949852088
1189,890,HanoiStreet UR-36,Streetwear,Standard,L,red,29.93333491389395,18.23820116798559
1190,891,HanoiStreet UR-37,Streetwear,Standard,XL,black,20.10335521420072,12.223013276912614
1191,1144,MekongFit UR-01,Streetwear,Standard,S,white,4987.5217241379305,4154.1068440344825
1192,1145,MekongFit UR-02,Streetwear,Standard,M,purple,4040.82,3302.966268
1193,1146,MekongFit UR-03,Streetwear,Standard,L,green,63.622330777404414,35.57434251064229
1194,1147,MekongFit UR-04,Streetwear,Standard,XL,silver,18.68915574220809,11.918935930153594
1195,1148,MekongFit UR-05,Streetwear,Standard,S,pink,3768.4661538461537,2211.7127856923075
1196,1149,MekongFit UR-06,Streetwear,Standard,M,yellow,440.37,418.3515
1197,1150,MekongFit UR-07,Streetwear,Standard,L,red,5337.0,4708.8351
1198,1151,MekongFit UR-08,Streetwear,Standard,XL,black,27.77071936346653,16.011486074472163
1199,1152,MekongFit UR-09,Streetwear,Standard,S,orange,34.89334875341958,19.643262746090027
1200,1153,MekongFit UR-10,Streetwear,Standard,M,blue,4436.408626609442,3930.2144023133046
1201,1154,MekongFit UR-11,Streetwear,Standard,L,white,58.93937160374784,37.65487971621282
1202,1155,MekongFit UR-12,Streetwear,Standard,XL,purple,5890.312702702703,5044.463798594595
1203,1156,MekongFit UR-13,Streetwear,Standard,S,green,4125.1374418604655,2224.2741086511624
1204,1157,MekongFit UR-14,Streetwear,Standard,M,silver,4556.37,2443.125594
1205,1158,MekongFit UR-15,Streetwear,Standard,L,pink,18.6464380678132,12.037490584912655
1206,1159,MekongFit UR-16,Streetwear,Standard,XL,yellow,52.734268524923294,33.55021461587067
1207,1160,MekongFit UR-17,Streetwear,Standard,S,red,33.25127873001165,20.9799477652166
1208,1161,MekongFit UR-18,Streetwear,Standard,M,black,22.362748018182376,13.764812540396829
1209,1162,MekongFit UR-19,Streetwear,Standard,L,orange,39.83880310441748,24.10589154006108
1210,1163,MekongFit UR-20,Streetwear,Standard,XL,blue,35.86005056451476,20.034962771369766
1211,1164,MekongFit UR-21,Streetwear,Standard,S,white,26.04727742069481,15.389911996804814
1212,1668,VietMode UR-01,Streetwear,Standard,S,pink,5164.74,2678.950638
1213,1669,VietMode UR-02,Streetwear,Standard,M,yellow,5227.74,4966.352999999999
1214,1670,VietMode UR-03,Streetwear,Standard,L,red,5353.74,4705.93746
1215,1755,SaigonCore UR-01,Streetwear,Standard,XL,purple,6236.369999999999,4906.775916
1216,1756,SaigonCore UR-02,Streetwear,Standard,S,green,5663.7,5380.514999999999
1217,1757,SaigonCore UR-03,Streetwear,Standard,M,silver,6307.371940298507,3885.971852417911
1218,1758,SaigonCore UR-04,Streetwear,Standard,L,pink,5789.7,5500.214999999999
1219,1759,SaigonCore UR-05,Streetwear,Standard,XL,yellow,5297.992682926829,5033.093048780487
1220,1760,SaigonCore UR-06,Streetwear,Standard,S,red,8561.7,6144.73209
1221,1761,SaigonCore UR-07,Streetwear,Standard,M,black,10076.85,8257.978575000001
1222,1762,SaigonCore UR-08,Streetwear,Standard,L,orange,5510.7,5235.165
1223,1763,SaigonCore UR-09,Streetwear,Standard,XL,blue,5743.991359223301,5456.791791262135
1224,1764,SaigonCore UR-10,Streetwear,Standard,S,white,6828.570000000001,5400.033156
1225,1765,SaigonCore UR-11,Streetwear,Standard,M,purple,2235.9309677419355,2124.134419354839
1226,1998,UrbanVN UR-01,Streetwear,Standard,L,pink,34.053091928060134,19.99832019346835
1227,1999,UrbanVN UR-02,Streetwear,Standard,XL,yellow,8126.369999999999,5654.328245999999
1228,2000,UrbanVN UR-03,Streetwear,Standard,S,red,28.38538957636992,16.349285501600754
1229,2001,UrbanVN UR-04,Streetwear,Standard,M,black,34.65378441854702,21.56650589658136
1230,2002,UrbanVN UR-05,Streetwear,Standard,L,orange,43.15732974830766,25.876598622867107
1231,2003,UrbanVN UR-06,Streetwear,Standard,XL,blue,62.45252864460724,34.855044866584926
1232,2004,UrbanVN UR-07,Streetwear,Standard,S,white,5358.403536585365,3888.593446500001
1233,2005,UrbanVN UR-08,Streetwear,Standard,M,purple,3684.87,2645.368173
1234,2006,UrbanVN UR-09,Streetwear,Standard,L,green,20.18366876572802,11.545428302743652
1235,2007,UrbanVN UR-10,Streetwear,Standard,XL,silver,77.72782876872711,48.06112784144644
1236,2008,UrbanVN UR-11,Streetwear,Standard,S,pink,15.167650149235683,8.457680206310576
1237,2009,UrbanVN UR-12,Streetwear,Standard,M,yellow,31.164697443076804,19.79334418747074
1238,2010,UrbanVN UR-13,Streetwear,Standard,L,red,41.90172026770757,25.12069527388581
1239,2011,UrbanVN UR-14,Streetwear,Standard,XL,black,37.05475735319302,22.16091844526021
1240,2012,UrbanVN UR-15,Streetwear,Standard,S,orange,4660.622964426877,4277.053694454546
1241,2013,UrbanVN UR-16,Streetwear,Standard,M,blue,25.814082905892526,15.726991964970582
1242,2014,UrbanVN UR-17,Streetwear,Standard,L,white,30.470259205110622,19.27146684213688
1243,2015,UrbanVN UR-18,Streetwear,Standard,XL,purple,4382.413269230769,3917.000980038461
1244,2016,UrbanVN UR-19,Streetwear,Standard,S,green,3743.541357615894,1998.676730831126
1245,2017,UrbanVN UR-20,Streetwear,Standard,M,silver,27.18865052559904,15.899404089403289
1246,2018,UrbanVN UR-21,Streetwear,Standard,L,pink,26.160590454431023,16.16205503879573
1247,2019,UrbanVN UR-22,Streetwear,Standard,XL,yellow,46.51806997910511,28.21661439756509
1248,2020,UrbanVN UR-23,Streetwear,Standard,S,red,38.19887994556807,22.02940205348988
1249,2021,UrbanVN UR-24,Streetwear,Standard,M,black,25.099204738124502,16.00985399762684
1250,2022,UrbanVN UR-25,Streetwear,Standard,L,orange,2988.25524590164,1860.4877160983608
1251,2023,UrbanVN UR-26,Streetwear,Standard,XL,blue,47.45775515549522,29.8861702243266
1252,2024,UrbanVN UR-27,Streetwear,Standard,S,white,37.44674567601375,23.06139796104344
1253,2025,UrbanVN UR-28,Streetwear,Standard,M,purple,45.83943961534325,29.110710769311765
1254,2026,UrbanVN UR-29,Streetwear,Standard,L,green,4409.37,2827.288044
1255,2027,UrbanVN UR-30,Streetwear,Standard,XL,silver,42.59988427700669,27.12459961185434
1256,2028,UrbanVN UR-31,Streetwear,Standard,S,pink,8504.37,5160.4517160000005
1257,2029,UrbanVN UR-32,Streetwear,Standard,M,yellow,2519.37,2246.270292
1258,2030,UrbanVN UR-33,Streetwear,Standard,L,red,23.76947027384075,14.75694992242415
1259,2031,UrbanVN UR-34,Streetwear,Standard,XL,black,26.46776517089512,16.772658065996215
1260,2032,UrbanVN UR-35,Streetwear,Standard,S,orange,44.65281905454065,27.673457177359808
1261,2033,UrbanVN UR-36,Streetwear,Standard,M,blue,42.2729797847311,26.125296591141566
1262,2034,UrbanVN UR-37,Streetwear,Standard,L,white,5039.37,4787.4015
1263,2035,UrbanVN UR-38,Streetwear,Standard,XL,purple,32.839739836971454,20.093360582412
1264,2036,UrbanVN UR-39,Streetwear,Standard,S,green,2521.250597014925,2395.18806716418
1265,2037,UrbanVN UR-40,Streetwear,Standard,M,silver,34.706637577815734,21.701077028590497
1266,2038,UrbanVN UR-41,Streetwear,Standard,L,pink,55.20568617063113,31.23871776063406
1267,2039,UrbanVN UR-42,Streetwear,Standard,XL,yellow,4661.37,2832.7145490000003
1268,2040,UrbanVN UR-43,Streetwear,Standard,S,red,26.137509924695955,16.67800727967642
1269,2125,PhoenixWear UR-01,Streetwear,Standard,M,purple,6173.37,4869.554255999999
1270,2126,PhoenixWear UR-02,Streetwear,Standard,L,green,5499.5607692307685,4003.130283923077
1271,2127,PhoenixWear UR-03,Streetwear,Standard,XL,silver,5036.85,4118.12856
1272,2128,PhoenixWear UR-04,Streetwear,Standard,S,pink,4874.562,3880.6388082
1273,2129,PhoenixWear UR-05,Streetwear,Standard,M,yellow,41.216511987760136,26.26251651454432
1274,2130,PhoenixWear UR-06,Streetwear,Standard,L,red,30.54261553426067,16.887767395957994
1275,2131,PhoenixWear UR-07,Streetwear,Standard,XL,black,5354.37,2739.295692
1276,2132,PhoenixWear UR-08,Streetwear,Standard,S,orange,4448.246582278481,2596.441530075949
1277,2133,PhoenixWear UR-09,Streetwear,Standard,M,blue,5497.100290456431,5222.245275933609
1278,2134,PhoenixWear UR-10,Streetwear,Standard,L,white,6133.816022727272,5691.567887488636
1279,2135,PhoenixWear UR-11,Streetwear,Standard,XL,purple,30.35397614696373,19.201369075670648
1280,2136,PhoenixWear UR-12,Streetwear,Standard,S,green,5342.824976303317,4014.598687194313
1281,2137,PhoenixWear UR-13,Streetwear,Standard,M,silver,5666.85,5383.5075
1282,2138,PhoenixWear UR-14,Streetwear,Standard,L,pink,5385.87,4297.92426
1283,2139,PhoenixWear UR-15,Streetwear,Standard,XL,yellow,51.39345042967528,28.92870445090894
1284,2140,PhoenixWear UR-16,Streetwear,Standard,S,red,6611.85,4492.09089
1285,2141,PhoenixWear UR-17,Streetwear,Standard,M,black,5669.37,3855.1716
1286,2142,PhoenixWear UR-18,Streetwear,Standard,L,orange,6299.37,5456.514294
1287,2143,PhoenixWear UR-19,Streetwear,Standard,XL,blue,5280.81502617801,4593.780991272251
1288,2144,PhoenixWear UR-20,Streetwear,Standard,S,white,5279.316428571428,3096.847017
1289,2145,PhoenixWear UR-21,Streetwear,Standard,M,purple,4797.610282685512,3923.96545020848
1290,2146,PhoenixWear UR-22,Streetwear,Standard,L,green,4598.37,2925.482994
1291,2147,PhoenixWear UR-23,Streetwear,Standard,XL,silver,5889.87,3678.223815
1292,2298,VietMotion UR-01,Streetwear,Standard,L,pink,46.0702101095042,26.88251516296481
1293,2299,VietMotion UR-02,Streetwear,Standard,XL,yellow,45.85131388256831,28.627305678763328
1294,2300,VietMotion UR-03,Streetwear,Standard,S,red,55.8233099312733,31.600235412362714
1295,2301,VietMotion UR-04,Streetwear,Standard,M,black,33.39484466270076,21.098752735452184
1296,2302,VietMotion UR-05,Streetwear,Standard,L,orange,43.500880902334885,27.5453414732944
1297,2303,VietMotion UR-06,Streetwear,Standard,XL,blue,29.25040142053348,17.5720842733407
1298,2304,VietMotion UR-07,Streetwear,Standard,S,white,37.70024303539459,20.75920856103877
1299,2305,VietMotion UR-08,Streetwear,Standard,M,purple,31.435655628333755,18.191933786252203
1300,2306,VietMotion UR-09,Streetwear,Standard,L,green,34.42552813113916,21.05784397046665
1301,2307,VietMotion UR-10,Streetwear,Standard,XL,silver,3338.37,1819.41165
1302,2308,VietMotion UR-11,Streetwear,Standard,S,pink,42.01651730646136,27.23168712154874
1303,2309,VietMotion UR-12,Streetwear,Standard,M,yellow,3773.7,3585.0149999999994
1304,2310,VietMotion UR-13,Streetwear,Standard,L,red,23.87213136046396,14.637945799481171
1305,2311,VietMotion UR-14,Streetwear,Standard,XL,black,76.47431327572451,44.04770234649405
1306,2312,VietMotion UR-15,Streetwear,Standard,S,orange,22.14458611437045,13.583501751832884
1307,2313,VietMotion UR-16,Streetwear,Standard,M,blue,20.375323878643,12.306665833397906
1308,2314,VietMotion UR-17,Streetwear,Standard,L,white,52.62779221961577,33.04943986273253
1309,2315,VietMotion UR-18,Streetwear,Standard,XL,purple,45.452375140966936,25.48505874041013
1310,2316,VietMotion UR-19,Streetwear,Standard,S,green,42.50611410259488,26.61319664232815
1311,2317,VietMotion UR-20,Streetwear,Standard,M,silver,42.57802195970135,25.72251810512813
1312,2318,VietMotion UR-21,Streetwear,Standard,L,pink,32.95362568508731,21.29790193008817
1313,2319,VietMotion UR-22,Streetwear,Standard,XL,yellow,23.12925465151388,13.511814896989977
1314,2320,VietMotion UR-23,Streetwear,Standard,S,red,34.134951269156154,20.93367494742875
1315,2321,VietMotion UR-24,Streetwear,Standard,M,black,25.257807488581232,16.24589276501159
1316,2322,VietMotion UR-25,Streetwear,Standard,L,orange,48.91322908687154,27.403684178663447
1317,2323,VietMotion UR-26,Streetwear,Standard,XL,blue,31.223688308626155,20.099401585688003
1318,2324,VietMotion UR-27,Streetwear,Standard,S,white,23.80275002527921,14.728869703292052
1319,2325,VietMotion UR-28,Streetwear,Standard,M,purple,1889.37,1169.708967
1320,2326,VietMotion UR-29,Streetwear,Standard,L,green,29.120595219183564,16.213872924457114
1321,1,DragonWear MA-01,Casual,All-weather,M,black,4945.5,2732.8833
1322,2,DragonWear MA-02,Casual,All-weather,L,orange,39.062877119540296,22.660232699057364
1323,3,DragonWear MA-03,Casual,All-weather,XL,blue,10831.3771884655,10289.808329042224
1324,4,DragonWear MA-04,Casual,All-weather,S,white,9610.756521739131,5604.032127826088
1325,5,DragonWear MA-05,Casual,All-weather,M,purple,8946.0,8498.699999999999
1326,6,DragonWear MA-06,Casual,All-weather,L,green,26.430276201873458,16.408370301165643
1327,7,DragonWear MA-07,Casual,All-weather,XL,silver,5306.9975,3533.92963525
1328,8,DragonWear MA-08,Casual,All-weather,S,pink,5353.448367952522,3709.404374154303
1329,9,DragonWear MA-09,Casual,All-weather,M,yellow,7077.195950704225,5879.0266762500005
1330,10,DragonWear MA-10,Casual,All-weather,L,red,8183.699999999999,7774.5149999999985
1331,11,DragonWear MA-11,Casual,All-weather,XL,black,9135.0,6147.855
1332,12,DragonWear MA-12,Casual,All-weather,S,orange,5345.960869565217,3828.777174782609
1333,13,DragonWear MA-13,Casual,All-weather,M,blue,5260.299999999999,4066.73793
1334,14,DragonWear MA-14,Casual,All-weather,L,white,4896.826666666667,4396.860664
1335,15,DragonWear MA-15,Casual,All-weather,XL,purple,5669.37,3360.802536
1336,16,DragonWear MA-16,Casual,All-weather,S,green,8536.5,7834.7997
1337,17,DragonWear MA-17,Casual,All-weather,M,silver,4848.1147058823535,4140.28995882353
1338,18,DragonWear MA-18,Casual,All-weather,L,pink,4712.703333333333,3098.131171333333
1339,19,DragonWear MA-19,Casual,All-weather,XL,yellow,4445.517540983607,4171.673660459017
1340,20,DragonWear MA-20,Casual,All-weather,S,red,6111.0,5284.1817
1341,21,DragonWear MA-21,Casual,All-weather,M,black,5165.071578947369,4456.423758315789
1342,22,DragonWear MA-22,Casual,All-weather,L,orange,6615.0,3489.4125000000004
1343,23,DragonWear MA-23,Casual,All-weather,XL,blue,9103.5,5896.33695
1344,24,DragonWear MA-24,Casual,All-weather,S,white,23.83396923282398,13.26920629437508
1345,25,DragonWear MA-25,Casual,All-weather,M,purple,36.50593625897967,22.20353271354441
1346,26,DragonWear MA-26,Casual,All-weather,L,green,9437.143228498076,8226.35775228177
1347,27,DragonWear MA-27,Casual,All-weather,XL,silver,5077.2825,4735.0736595
1348,28,DragonWear MA-28,Casual,All-weather,S,pink,5181.75,2631.29265
1349,29,DragonWear MA-29,Casual,All-weather,M,yellow,6293.7,5979.014999999999
1350,30,DragonWear MA-30,Casual,All-weather,L,red,10256.4,7812.29988
1351,31,DragonWear MA-31,Casual,All-weather,XL,black,8993.317021276596,7894.333681276596
1352,32,DragonWear MA-32,Casual,All-weather,S,orange,36.52462272816412,21.35186731681735
1353,33,DragonWear MA-33,Casual,All-weather,M,blue,27.03744426420793,16.549391215756362
1354,34,DragonWear MA-34,Casual,All-weather,L,white,27.428556473975345,15.21116985645254
1355,35,DragonWear MA-35,Casual,All-weather,XL,purple,5669.37,3727.043838
1356,36,DragonWear MA-36,Casual,All-weather,S,green,5604.936206896552,3526.0653677586206
1357,37,DragonWear MA-37,Casual,All-weather,M,silver,5449.5,5177.025
1358,38,DragonWear MA-38,Casual,All-weather,L,pink,5355.0,4705.974
1359,39,DragonWear MA-39,Casual,All-weather,XL,yellow,36.33639931956768,23.151870566767563
1360,40,DragonWear MA-40,Casual,All-weather,S,red,12593.7,11964.015
1361,41,DragonWear MA-41,Casual,All-weather,M,black,10143.0,8305.0884
1362,42,DragonWear MA-42,Casual,All-weather,L,orange,12927.6,9403.53624
1363,43,DragonWear MA-43,Casual,All-weather,XL,blue,4898.851363636363,4653.908795454545
1364,44,DragonWear MA-44,Casual,All-weather,S,white,5039.37,4577.763708
1365,45,DragonWear MA-45,Casual,All-weather,M,purple,5669.37,3456.047952
1366,211,LotusWear MA-01,Casual,All-weather,XL,black,18.55550041447407,12.011882725066451
1367,212,LotusWear MA-02,Casual,All-weather,S,orange,18.85945708582556,12.199952430520778
1368,694,HanoiStreet MA-01,Casual,All-weather,L,white,24.84414997876081,15.526728742285847
1369,695,HanoiStreet MA-02,Casual,All-weather,XL,purple,30.40542782395652,17.11851808169427
1370,696,HanoiStreet MA-03,Casual,All-weather,S,green,37.50082850650854,23.469005485912835
1371,697,HanoiStreet MA-04,Casual,All-weather,M,silver,59.74840445540384,33.008525353361286
1372,698,HanoiStreet MA-05,Casual,All-weather,L,pink,46.66824007570581,25.770778763046447
1373,699,HanoiStreet MA-06,Casual,All-weather,XL,yellow,2843.993622047244,1924.53048403937
1374,700,HanoiStreet MA-07,Casual,All-weather,S,red,31.063223272571456,18.0900104489871
1375,701,HanoiStreet MA-08,Casual,All-weather,M,black,32.86451541320264,19.68138564352252
1376,702,HanoiStreet MA-09,Casual,All-weather,L,orange,3720.711891891892,3306.5966583243244
1377,703,HanoiStreet MA-10,Casual,All-weather,XL,blue,22.17550395365064,13.904944448459702
1378,704,HanoiStreet MA-11,Casual,All-weather,S,white,32.87112936445893,20.325190222309324
1379,705,HanoiStreet MA-12,Casual,All-weather,M,purple,29.504315607680223,17.54297900214996
1380,706,HanoiStreet MA-13,Casual,All-weather,L,green,3401.3699999999994,3231.301499999999
1381,707,HanoiStreet MA-14,Casual,All-weather,XL,silver,37.67841650968592,21.754111030359
1382,708,HanoiStreet MA-15,Casual,All-weather,S,pink,23.786248571516595,15.454221836084184
1383,709,HanoiStreet MA-16,Casual,All-weather,M,yellow,40.76152434416071,24.15601834190016
1384,710,HanoiStreet MA-17,Casual,All-weather,L,red,61.13567442088417,36.384205947209374
1385,711,HanoiStreet MA-18,Casual,All-weather,XL,black,2900.2151612903226,2181.5418443225803
1386,712,HanoiStreet MA-19,Casual,All-weather,S,orange,31.705683042923656,17.956906174905523
1387,1043,MekongFit MA-01,Casual,All-weather,XL,blue,4535.037107001321,2953.2161640792606
1388,1044,MekongFit MA-02,Casual,All-weather,S,white,3432.87,3261.2265
1389,1045,MekongFit MA-03,Casual,All-weather,M,purple,2541.87,1871.578881
1390,1046,MekongFit MA-04,Casual,All-weather,L,green,1243.62,1007.580924
1391,1047,MekongFit MA-05,Casual,All-weather,XL,silver,2653.821219512195,1379.987034146341
1392,1048,MekongFit MA-06,Casual,All-weather,S,pink,1700.37,1294.321644
1393,1049,MekongFit MA-07,Casual,All-weather,M,yellow,3141.3003370786514,2842.562675022472
1394,1050,MekongFit MA-08,Casual,All-weather,L,red,3375.730465116279,2155.403901976744
1395,1051,MekongFit MA-09,Casual,All-weather,XL,black,38.88795991024234,24.479230137439792
1396,1052,MekongFit MA-10,Casual,All-weather,S,orange,2991.8146397188048,2762.641638316344
1397,1053,MekongFit MA-11,Casual,All-weather,M,blue,3460.8919000381534,3287.8473050362454
1398,1054,MekongFit MA-12,Casual,All-weather,L,white,2960.37,2812.3515
1399,1726,SaigonCore MA-01,Casual,All-weather,L,green,5417.37,3360.936348
1400,1727,SaigonCore MA-02,Casual,All-weather,XL,silver,10073.7,7977.363029999999
1401,1728,SaigonCore MA-03,Casual,All-weather,S,pink,5993.059655172414,4755.492836379311
1402,1729,SaigonCore MA-04,Casual,All-weather,M,yellow,5858.37,4860.103752
1403,1730,SaigonCore MA-05,Casual,All-weather,L,red,9553.265217391305,6129.374963478261
1404,1731,SaigonCore MA-06,Casual,All-weather,XL,black,5543.37,3675.25431
1405,1908,UrbanVN MA-01,Casual,All-weather,S,pink,5137.8381818181815,4880.946272727272
1406,1909,UrbanVN MA-02,Casual,All-weather,M,yellow,2481.642785622593,2028.494812967908
1407,1910,UrbanVN MA-03,Casual,All-weather,L,red,43.64364128670683,27.031484530585928
1408,1911,UrbanVN MA-04,Casual,All-weather,XL,black,28.20535380725444,16.135633097849695
1409,1912,UrbanVN MA-05,Casual,All-weather,S,orange,3973.690133587786,2680.6513641183205
1410,1913,UrbanVN MA-06,Casual,All-weather,M,blue,36.22092508035289,20.21990056232335
1411,1914,UrbanVN MA-07,Casual,All-weather,L,white,33.282673967708824,20.570354322860464
1412,1915,UrbanVN MA-08,Casual,All-weather,XL,purple,5795.885337423313,3976.556930006135
1413,1916,UrbanVN MA-09,Casual,All-weather,S,green,3559.9503011292345,3381.9527860727726
1414,1917,UrbanVN MA-10,Casual,All-weather,M,silver,34.43489498797168,21.192994736606497
1415,1918,UrbanVN MA-11,Casual,All-weather,L,pink,8819.37,8378.4015
1416,1919,UrbanVN MA-12,Casual,All-weather,XL,yellow,24.307770829746094,14.033506952292084
1417,1920,UrbanVN MA-13,Casual,All-weather,S,red,3366.602972136223,3198.272823529412
1418,1921,UrbanVN MA-14,Casual,All-weather,M,black,33.44171489689868,21.572794008757047
1419,1922,UrbanVN MA-15,Casual,All-weather,L,orange,40.41493183257701,22.838711947827143
1420,1923,UrbanVN MA-16,Casual,All-weather,XL,blue,59.17253172718984,35.10312692310058
1421,1924,UrbanVN MA-17,Casual,All-weather,S,white,4242.385846538782,4030.266554211843
1422,1925,UrbanVN MA-18,Casual,All-weather,M,purple,48.60412143178831,31.31862906436304
1423,2102,PhoenixWear MA-01,Casual,All-weather,L,orange,6299.37,3167.323236
1424,2103,PhoenixWear MA-02,Casual,All-weather,XL,blue,7489.311908713693,4647.118039356847
1425,2104,PhoenixWear MA-03,Casual,All-weather,S,white,6859.956826347306,6101.9315970359285
1426,2105,PhoenixWear MA-04,Casual,All-weather,M,purple,6929.37,3756.411477
1427,2106,PhoenixWear MA-05,Casual,All-weather,L,green,10011.439565217392,7381.434391434783
1428,2107,PhoenixWear MA-06,Casual,All-weather,XL,silver,7874.37,5049.046044
1429,2187,VietMotion MA-01,Casual,All-weather,XL,silver,78.35681785939418,46.38509951496604
1430,2188,VietMotion MA-02,Casual,All-weather,S,pink,24.36288761072888,14.955221775848312
1431,2189,VietMotion MA-03,Casual,All-weather,M,yellow,3943.046992084433,2853.583108171504
1432,2190,VietMotion MA-04,Casual,All-weather,L,red,46.94272561574726,27.68491556165356
1433,2191,VietMotion MA-05,Casual,All-weather,XL,black,35.63530294659231,20.57659080145137
1434,2192,VietMotion MA-06,Casual,All-weather,S,orange,2587.684929328622,2458.3006828621906
1435,2193,VietMotion MA-07,Casual,All-weather,M,blue,9177.035294117648,5596.156122352942
1436,2194,VietMotion MA-08,Casual,All-weather,L,white,79.51305112548167,51.55608462187102
1437,2195,VietMotion MA-09,Casual,All-weather,XL,purple,23.96706714819649,14.162940493047364
1438,2196,VietMotion MA-10,Casual,All-weather,S,green,23.66770032509501,15.13336238016064
1439,2197,VietMotion MA-11,Casual,All-weather,M,silver,2982.692976846747,2833.5583280044098
1440,2198,VietMotion MA-12,Casual,All-weather,L,pink,26.05586643333778,14.929893188018678
1441,2199,VietMotion MA-13,Casual,All-weather,XL,yellow,2387.299419873636,2267.9344488799543
1442,2200,VietMotion MA-14,Casual,All-weather,S,red,14.160292010679644,8.089923089658269
1443,2201,VietMotion MA-15,Casual,All-weather,M,black,26.83475810232035,14.842664514570538
1444,2202,VietMotion MA-16,Casual,All-weather,L,orange,3857.993548387097,3393.105325806452
1445,2203,VietMotion MA-17,Casual,All-weather,XL,blue,10199.7,8504.50986
1446,68,DragonWear RS-01,Outdoor,Premium,S,pink,4398.87,4178.9265
1447,69,DragonWear RS-02,Outdoor,Premium,M,yellow,3910.2161538461537,3087.506675076923
1448,70,DragonWear RS-03,Outdoor,Premium,L,red,5039.37,3891.401514
1449,71,DragonWear RS-04,Outdoor,Premium,XL,black,4787.37,4096.552509
1450,72,DragonWear RS-05,Outdoor,Premium,S,orange,24.443074771676816,15.03656521831065
1451,73,DragonWear RS-06,Outdoor,Premium,M,blue,3882.460909090909,3688.337863636363
1452,394,SaigonFlex RS-01,Outdoor,Premium,L,white,19686.87,17464.222377
1453,395,SaigonFlex RS-02,Outdoor,Premium,XL,purple,4595.85,3068.649045
1454,797,HanoiStreet RS-01,Outdoor,Premium,M,silver,3792.839178082192,3178.399231232877
1455,798,HanoiStreet RS-02,Outdoor,Premium,L,pink,35.16873629794224,20.638865543994807
1456,799,HanoiStreet RS-03,Outdoor,Premium,XL,yellow,37.96643159775866,24.16319721561676
1457,800,HanoiStreet RS-04,Outdoor,Premium,S,red,3149.37,2034.178083
1458,801,HanoiStreet RS-05,Outdoor,Premium,M,black,3716.37,2604.4320959999995
1459,802,HanoiStreet RS-06,Outdoor,Premium,L,orange,2015.37,1867.038768
1460,803,HanoiStreet RS-07,Outdoor,Premium,XL,blue,1920.939844789357,1129.128440767184
1461,804,HanoiStreet RS-08,Outdoor,Premium,S,white,1932.16809976247,1751.3171656247032
1462,805,HanoiStreet RS-09,Outdoor,Premium,M,purple,2267.37,1983.268539
1463,806,HanoiStreet RS-10,Outdoor,Premium,L,green,13293.0,11389.4424
1464,807,HanoiStreet RS-11,Outdoor,Premium,XL,silver,2738.718,2004.1938324
1465,808,HanoiStreet RS-12,Outdoor,Premium,S,pink,4185.669242738589,2473.3119555342323
1466,809,HanoiStreet RS-13,Outdoor,Premium,M,yellow,2845.6163146551726,1471.183634676724
1467,810,HanoiStreet RS-14,Outdoor,Premium,L,red,70.13825290269834,41.89505070764356
1468,811,HanoiStreet RS-15,Outdoor,Premium,XL,black,3149.3700000000003,2991.9015000000004
1469,812,HanoiStreet RS-16,Outdoor,Premium,S,orange,6867.0,3823.5456
1470,813,HanoiStreet RS-17,Outdoor,Premium,M,blue,3464.37,3291.1515
1471,814,HanoiStreet RS-18,Outdoor,Premium,L,white,48.432425379884656,31.32702955401401
1472,815,HanoiStreet RS-19,Outdoor,Premium,XL,purple,26.29131187726292,14.947992451948688
1473,816,HanoiStreet RS-20,Outdoor,Premium,S,green,4614.077052476704,3811.689053051005
1474,1113,MekongFit RS-01,Outdoor,Premium,M,blue,1870.894719101124,1564.6292535842697
1475,1114,MekongFit RS-02,Outdoor,Premium,L,white,2070.64397260274,1556.5030742054794
1476,1115,MekongFit RS-03,Outdoor,Premium,XL,purple,4828.925116696589,4587.478860861759
1477,1116,MekongFit RS-04,Outdoor,Premium,S,green,3151.464301221167,1908.2116343894168
1478,1117,MekongFit RS-05,Outdoor,Premium,M,silver,3681.73843902439,2838.9885103317074
1479,1118,MekongFit RS-06,Outdoor,Premium,L,pink,4700.352035928144,4323.853837850299
1480,1119,MekongFit RS-07,Outdoor,Premium,XL,yellow,3527.3700000000003,3177.454896
1481,1120,MekongFit RS-08,Outdoor,Premium,S,red,2225.38025390625,2045.792067416016
1482,1121,MekongFit RS-09,Outdoor,Premium,M,black,1007.37,957.0015
1483,1122,MekongFit RS-10,Outdoor,Premium,L,orange,1500.45,1425.4275
1484,1123,MekongFit RS-11,Outdoor,Premium,XL,blue,3137.216456692913,1940.3683784645668
1485,1746,SaigonCore RS-01,Outdoor,Premium,L,green,23.11852239383696,14.72331573262907
1486,1747,SaigonCore RS-02,Outdoor,Premium,XL,silver,40.31677633680417,25.305215147029365
1487,1748,SaigonCore RS-03,Outdoor,Premium,S,pink,19.529120628878804,12.24655891583249
1488,1982,UrbanVN RS-01,Outdoor,Premium,L,orange,3984.92421686747,3601.972999626506
1489,1983,UrbanVN RS-02,Outdoor,Premium,XL,blue,4409.37,3421.6711199999995
1490,1984,UrbanVN RS-03,Outdoor,Premium,S,white,2204.37,1377.510813
1491,1985,UrbanVN RS-04,Outdoor,Premium,M,purple,1920.87,1824.8265
1492,1986,UrbanVN RS-05,Outdoor,Premium,L,green,2015.37,1507.295223
1493,1987,UrbanVN RS-06,Outdoor,Premium,XL,silver,1972.5575,1723.42348775
1494,1988,UrbanVN RS-07,Outdoor,Premium,S,pink,68.89499310332668,43.71237967432158
1495,1989,UrbanVN RS-08,Outdoor,Premium,M,yellow,4632.0645129469785,4400.4612872996295
1496,1990,UrbanVN RS-09,Outdoor,Premium,L,red,3180.105,2713.5835965
1497,1991,UrbanVN RS-10,Outdoor,Premium,XL,black,3784.939744597249,3327.7190234499017
1498,1992,UrbanVN RS-11,Outdoor,Premium,S,orange,53.07871754029781,33.23271239282916
1499,1993,UrbanVN RS-12,Outdoor,Premium,M,blue,1448.37,800.514099
1500,2268,VietMotion RS-01,Outdoor,Premium,S,pink,27.44900004772441,16.815862190083102
1501,2269,VietMotion RS-02,Outdoor,Premium,M,yellow,3915.427786872344,3719.6563975287263
1502,2270,VietMotion RS-03,Outdoor,Premium,L,red,3778.7642307692304,3589.826019230769
1503,2271,VietMotion RS-04,Outdoor,Premium,XL,black,16.688939395715213,9.39795044860731
1504,2272,VietMotion RS-05,Outdoor,Premium,S,orange,56.91443215555931,31.488058589151063
1505,2273,VietMotion RS-06,Outdoor,Premium,M,blue,31.632468013791154,20.31072641674495
1506,2274,VietMotion RS-07,Outdoor,Premium,L,white,54.332714624212514,33.2334215994955
1507,2275,VietMotion RS-08,Outdoor,Premium,XL,purple,4487.59171875,3906.89735034375
1508,2276,VietMotion RS-09,Outdoor,Premium,S,green,17.500490979061045,11.019249406005004
1509,2277,VietMotion RS-10,Outdoor,Premium,M,silver,3358.794231856739,3190.8545202639016
1510,2278,VietMotion RS-11,Outdoor,Premium,L,pink,26.056050101685983,15.585484607536555
1511,2279,VietMotion RS-12,Outdoor,Premium,XL,yellow,2006.37,1041.105393
1512,2280,VietMotion RS-13,Outdoor,Premium,S,red,1977.4845762711864,1878.610347457627
1513,2281,VietMotion RS-14,Outdoor,Premium,M,black,33.18498384851216,18.641028152283216
1514,2282,VietMotion RS-15,Outdoor,Premium,L,orange,33.743649528857304,18.98142979067904
1515,2283,VietMotion RS-16,Outdoor,Premium,XL,blue,27.659626182375,17.10904235714284
1516,2284,VietMotion RS-17,Outdoor,Premium,S,white,3915.939241350563,2108.341687543143
1517,2285,VietMotion RS-18,Outdoor,Premium,M,purple,42.484528439658334,25.19462494477297
1518,197,DragonWear YY-01,GenZ,Trendy,M,silver,6041.7,5739.615
1519,198,DragonWear YY-02,GenZ,Trendy,L,pink,6293.7,3768.03819
1520,1000,HanoiStreet YY-01,GenZ,Trendy,S,red,1188.3481205164992,915.3845572338593
1521,1001,HanoiStreet YY-02,GenZ,Trendy,M,black,4904.031105815062,3874.6749767044807
1522,1002,HanoiStreet YY-03,GenZ,Trendy,L,orange,3419.9325,2547.50771925
1523,1003,HanoiStreet YY-04,GenZ,Trendy,XL,blue,1038.87,986.9264999999998
1524,1004,HanoiStreet YY-05,GenZ,Trendy,S,white,21.60558461464601,12.316316933060593
1525,1005,HanoiStreet YY-06,GenZ,Trendy,M,purple,1402.412910447761,811.0153861119402
1526,1006,HanoiStreet YY-07,GenZ,Trendy,L,green,1119.5099999999998,619.760736
1527,1007,HanoiStreet YY-08,GenZ,Trendy,XL,silver,5436.61213483146,5164.781528089887
1528,1008,HanoiStreet YY-09,GenZ,Trendy,S,pink,3261.76588688946,2694.218622570694
1529,1009,HanoiStreet YY-10,GenZ,Trendy,M,yellow,1383.875492256637,862.569594323562
1530,1010,HanoiStreet YY-11,GenZ,Trendy,L,red,31.28216747612525,18.74300640602044
1531,1011,HanoiStreet YY-12,GenZ,Trendy,XL,black,3527.37,2848.351275
1532,1012,HanoiStreet YY-13,GenZ,Trendy,S,orange,2141.37,1752.2830709999998
1533,1013,HanoiStreet YY-14,GenZ,Trendy,M,blue,1259.37,1196.4015
1534,1014,HanoiStreet YY-15,GenZ,Trendy,L,white,1038.87,951.397146
1535,1015,HanoiStreet YY-16,GenZ,Trendy,XL,purple,34.74786921874976,19.334440445128536
1536,1016,HanoiStreet YY-17,GenZ,Trendy,S,green,40.68158502306494,24.74242366948301
1537,1017,HanoiStreet YY-18,GenZ,Trendy,M,silver,3407.941498530852,1959.907155805093
1538,1018,HanoiStreet YY-19,GenZ,Trendy,L,pink,44.02008254361871,25.39515658568249
1539,1019,HanoiStreet YY-20,GenZ,Trendy,XL,yellow,2834.37,2542.996764
1540,1020,HanoiStreet YY-21,GenZ,Trendy,S,red,21.11836758058405,13.299416794770844
1541,1021,HanoiStreet YY-22,GenZ,Trendy,M,black,17.927831391666206,10.41671895241332
1542,1022,HanoiStreet YY-23,GenZ,Trendy,L,orange,1889.37,1779.7865399999998
1543,1023,HanoiStreet YY-24,GenZ,Trendy,XL,blue,3842.37,2315.412162
1544,1024,HanoiStreet YY-25,GenZ,Trendy,S,white,55.2059495268955,32.876358297176104
1545,1025,HanoiStreet YY-26,GenZ,Trendy,M,purple,37.82331096677837,20.8467737611827
1546,1026,HanoiStreet YY-27,GenZ,Trendy,L,green,2172.87,1809.566136
1547,1690,NamStyle YY-01,GenZ,Trendy,L,red,1889.37,1538.5139909999998
1548,1691,NamStyle YY-02,GenZ,Trendy,XL,black,2834.37,1825.901154
1549,1692,NamStyle YY-03,GenZ,Trendy,S,orange,1205.0930769230768,1144.838423076923
1550,1693,NamStyle YY-04,GenZ,Trendy,M,blue,3987.5903389830505,3788.210822033898
1551,1694,NamStyle YY-05,GenZ,Trendy,L,white,24.547386328549425,13.678900655001591
1552,1695,NamStyle YY-06,GenZ,Trendy,XL,purple,2015.37,1265.65236
1553,1696,NamStyle YY-07,GenZ,Trendy,S,green,2204.37,2094.1515
1554,1697,NamStyle YY-08,GenZ,Trendy,M,silver,2834.37,2279.683791
1555,1698,NamStyle YY-09,GenZ,Trendy,L,pink,1898.7033333333327,1803.7681666666665
1556,1699,NamStyle YY-10,GenZ,Trendy,XL,yellow,2088.481111111111,1689.1635226666665
1557,1700,NamStyle YY-11,GenZ,Trendy,S,red,1301.63582278481,745.4468357088607
1558,1701,NamStyle YY-12,GenZ,Trendy,M,black,3401.37,1813.950621
1559,1702,NamStyle YY-13,GenZ,Trendy,L,orange,1322.37,1232.316603
1560,1703,NamStyle YY-14,GenZ,Trendy,XL,blue,1242.5522033898303,1180.424593220339
1561,1704,NamStyle YY-15,GenZ,Trendy,S,white,1637.37,870.9171029999999
1562,1705,NamStyle YY-16,GenZ,Trendy,M,purple,1812.577100591716,1721.94824556213
1563,1706,NamStyle YY-17,GenZ,Trendy,L,green,2828.07,2686.6665
1564,1707,NamStyle YY-18,GenZ,Trendy,XL,silver,1539.9672696245732,1326.06581587372
1565,1708,NamStyle YY-19,GenZ,Trendy,S,pink,61.5876146969055,36.29046227559733
1566,1709,NamStyle YY-20,GenZ,Trendy,M,yellow,34.68370061601824,20.740640824542965
1567,1710,NamStyle YY-21,GenZ,Trendy,L,red,3275.37,2180.086272
1568,1711,NamStyle YY-22,GenZ,Trendy,XL,black,1386.882,1076.913873
1569,1712,NamStyle YY-23,GenZ,Trendy,S,orange,3086.37,2034.843741
1570,1713,NamStyle YY-24,GenZ,Trendy,M,blue,1353.87,1286.1764999999998
1571,1714,NamStyle YY-25,GenZ,Trendy,L,white,1321.5873913043476,1255.5080217391303
1572,1715,NamStyle YY-26,GenZ,Trendy,XL,purple,3144.3963157894736,2987.1765
1573,1716,NamStyle YY-27,GenZ,Trendy,S,green,4283.37,4069.2015
1574,1717,NamStyle YY-28,GenZ,Trendy,M,silver,2204.37,1660.3314839999998
1575,1718,NamStyle YY-29,GenZ,Trendy,L,pink,1889.37,1718.382015
1576,1719,NamStyle YY-30,GenZ,Trendy,XL,yellow,53.0756828692648,32.3762756107979
1577,1720,NamStyle YY-31,GenZ,Trendy,S,red,3527.37,2218.362993
1578,1721,NamStyle YY-32,GenZ,Trendy,M,black,34.02200062521048,19.704394787385606
1579,1722,NamStyle YY-33,GenZ,Trendy,L,orange,965.8049112426036,495.4579194674556
1580,1723,NamStyle YY-34,GenZ,Trendy,XL,blue,75.51257283093032,46.77990208624247
1581,1724,NamStyle YY-35,GenZ,Trendy,S,white,66.8289478002943,42.504028768524
1582,1725,NamStyle YY-36,GenZ,Trendy,M,purple,1542.87,1465.7264999999998
1583,1806,SaigonCore YY-01,GenZ,Trendy,L,green,1385.37,1258.7471819999998
1584,1807,SaigonCore YY-02,GenZ,Trendy,XL,silver,2141.37,1976.912784
1585,1808,SaigonCore YY-03,GenZ,Trendy,S,pink,1385.37,1090.4247269999998
1586,1809,SaigonCore YY-04,GenZ,Trendy,M,yellow,2719.3949999999995,2583.42525
1587,1810,SaigonCore YY-05,GenZ,Trendy,L,red,3308.5366666666664,1751.539311333333
1588,1811,SaigonCore YY-06,GenZ,Trendy,XL,black,2708.37,2572.9515
1589,1812,SaigonCore YY-07,GenZ,Trendy,S,orange,1103.37,1048.2015
1590,1813,SaigonCore YY-08,GenZ,Trendy,M,blue,1700.37,905.2769879999998
1591,1814,SaigonCore YY-09,GenZ,Trendy,L,white,6265.98,4713.270156
1592,1815,SaigonCore YY-10,GenZ,Trendy,XL,purple,3912.072127659574,3222.765018765958
1593,1816,SaigonCore YY-11,GenZ,Trendy,S,green,2229.066,1633.6824714
1594,1817,SaigonCore YY-12,GenZ,Trendy,M,silver,2735.535137614679,2598.758380733945
1595,1818,SaigonCore YY-13,GenZ,Trendy,L,pink,2515.8053649635035,2390.015096715328
1596,1819,SaigonCore YY-14,GenZ,Trendy,XL,yellow,3156.6203888024884,2453.009704138414
1597,1820,SaigonCore YY-15,GenZ,Trendy,S,red,4598.37,3172.8753000000006
1598,1821,SaigonCore YY-16,GenZ,Trendy,M,black,3791.745,3602.15775
1599,1822,SaigonCore YY-17,GenZ,Trendy,L,orange,4346.37,2195.351487
1600,1823,SaigonCore YY-18,GenZ,Trendy,XL,blue,5480.37,4908.767409
1601,1824,SaigonCore YY-19,GenZ,Trendy,S,white,29.97651796328568,18.82480659753188
1602,1825,SaigonCore YY-20,GenZ,Trendy,M,purple,1196.37,1136.5514999999998
1603,1826,SaigonCore YY-21,GenZ,Trendy,L,green,2652.657917737789,2520.0250218508995
1604,1827,SaigonCore YY-22,GenZ,Trendy,XL,silver,3026.8699999999994,1800.684963
1605,1828,SaigonCore YY-23,GenZ,Trendy,S,pink,3471.4354205607474,3117.349007663552
1606,1829,SaigonCore YY-24,GenZ,Trendy,M,yellow,3934.180975609756,3731.177237268292
1607,1830,SaigonCore YY-25,GenZ,Trendy,L,red,3707.157735849056,2126.054961509434
1608,1831,SaigonCore YY-26,GenZ,Trendy,XL,black,4346.37,4129.0515
1609,1832,SaigonCore YY-27,GenZ,Trendy,S,orange,4371.085384615384,3285.307775076923
1610,1833,SaigonCore YY-28,GenZ,Trendy,M,blue,1408.512857142857,1187.3763385714285
1611,1834,SaigonCore YY-29,GenZ,Trendy,L,white,3023.3700000000003,2052.86823
1612,1835,SaigonCore YY-30,GenZ,Trendy,XL,purple,48.843845380214,27.05762853706379
1613,1836,SaigonCore YY-31,GenZ,Trendy,S,green,1705.576611570248,1041.766194347107
1614,1837,SaigonCore YY-32,GenZ,Trendy,M,silver,1924.838503937008,1828.5965787401567
1615,1838,SaigonCore YY-33,GenZ,Trendy,L,pink,3592.580526315789,3074.171156368421
1616,1839,SaigonCore YY-34,GenZ,Trendy,XL,yellow,3149.37,1598.9351489999997
1617,1840,SaigonCore YY-35,GenZ,Trendy,S,red,3968.37,2471.103999
1618,1841,SaigonCore YY-36,GenZ,Trendy,M,black,1826.37,1111.163508
1619,1842,SaigonCore YY-37,GenZ,Trendy,L,orange,3086.37,2932.0515
1620,1843,SaigonCore YY-38,GenZ,Trendy,XL,blue,1704.7910526315789,1064.982970578947
1621,1844,SaigonCore YY-39,GenZ,Trendy,S,white,2026.1033333333328,1822.885169
1622,1845,SaigonCore YY-40,GenZ,Trendy,M,purple,1211.1452442996742,735.5285068631921
1623,1846,SaigonCore YY-41,GenZ,Trendy,L,green,5606.37,3945.763206
1624,1847,SaigonCore YY-42,GenZ,Trendy,XL,silver,1562.140588235294,1484.0335588235291
1625,1848,SaigonCore YY-43,GenZ,Trendy,S,pink,4365.57731707317,4147.298451219512
1626,1849,SaigonCore YY-44,GenZ,Trendy,M,yellow,2771.37,2632.8015
1627,1850,SaigonCore YY-45,GenZ,Trendy,L,red,1929.010449438202,1460.8396133595506
1628,1851,SaigonCore YY-46,GenZ,Trendy,XL,black,3909.230724233984,2716.9153533426183
1629,1852,SaigonCore YY-47,GenZ,Trendy,S,orange,2043.2427272727275,1941.080590909091
1630,1853,SaigonCore YY-48,GenZ,Trendy,M,blue,4462.208709677419,4239.098274193549
1631,1854,SaigonCore YY-49,GenZ,Trendy,L,white,2267.37,1763.106912
1632,1855,SaigonCore YY-50,GenZ,Trendy,XL,purple,2934.6376056338027,2787.9057253521123
1633,1856,SaigonCore YY-51,GenZ,Trendy,S,green,1322.37,1104.311187
1634,1857,SaigonCore YY-52,GenZ,Trendy,M,silver,1203.6955813953489,1114.381369255814
1635,1858,SaigonCore YY-53,GenZ,Trendy,L,pink,3149.3700000000003,2862.7773299999994
1636,1859,SaigonCore YY-54,GenZ,Trendy,XL,yellow,1885.747736131934,1552.1589616101946
1637,1860,SaigonCore YY-55,GenZ,Trendy,S,red,2319.87,1394.473857
1638,1861,SaigonCore YY-56,GenZ,Trendy,M,black,1259.37,828.1617120000001
1639,1862,SaigonCore YY-57,GenZ,Trendy,L,orange,2656.232068965517,1842.62818624138
1640,2097,UrbanVN YY-01,GenZ,Trendy,M,silver,5908.77,5613.3315
1641,2098,UrbanVN YY-02,GenZ,Trendy,L,pink,3660.198094302554,3166.0713515717093
1642,2099,UrbanVN YY-03,GenZ,Trendy,XL,yellow,4994.564776119403,4502.100689194031
1643,2100,UrbanVN YY-04,GenZ,Trendy,S,red,4801.846595744681,2893.1125739361705
1644,2101,UrbanVN YY-05,GenZ,Trendy,M,black,42.8690611240214,25.637871787463048
1645,2392,VietMotion YY-01,GenZ,Trendy,S,orange,57.25143015598731,32.08902686388936
1646,2393,VietMotion YY-02,GenZ,Trendy,M,blue,1278.2299665551836,1214.3184682274243
1647,2394,VietMotion YY-03,GenZ,Trendy,L,white,1618.174864864865,1252.4673454054057
1648,2395,VietMotion YY-04,GenZ,Trendy,XL,purple,1987.569124423963,1152.392578341014
1649,2396,VietMotion YY-05,GenZ,Trendy,S,green,1182.8508904109588,799.0157764726027
1650,2397,VietMotion YY-06,GenZ,Trendy,M,silver,22.51159738539337,12.926260556590194
1651,2398,VietMotion YY-07,GenZ,Trendy,L,pink,43.57225453874576,28.26385136207968
1652,2399,VietMotion YY-08,GenZ,Trendy,XL,yellow,1631.7,1550.115
1653,2400,VietMotion YY-09,GenZ,Trendy,S,red,1109.2610614525138,1053.798008379888
1654,2401,VietMotion YY-10,GenZ,Trendy,M,black,2015.37,1140.9009569999998
1655,2402,VietMotion YY-11,GenZ,Trendy,L,orange,3733.948733944954,1874.442264440367
1656,2403,VietMotion YY-12,GenZ,Trendy,XL,blue,1616.802655771195,850.2765166700715
1657,2404,VietMotion YY-13,GenZ,Trendy,S,white,3296.847272727273,2940.1283978181823
1658,2405,VietMotion YY-14,GenZ,Trendy,M,purple,5084.865394736842,2906.0005730921057
1659,2406,VietMotion YY-15,GenZ,Trendy,L,green,1085.2910526315789,871.2716570526316
1660,2407,VietMotion YY-16,GenZ,Trendy,XL,silver,936.0128571428572,826.4057515714287
1661,2408,VietMotion YY-17,GenZ,Trendy,S,pink,50.57057041501353,28.534421816870097
1662,2409,VietMotion YY-18,GenZ,Trendy,M,yellow,16.387260028794124,9.830534005426
1663,2410,VietMotion YY-19,GenZ,Trendy,L,red,1234.1699999999998,1020.041505
1664,2411,VietMotion YY-20,GenZ,Trendy,XL,black,20.62897405126796,12.621127588486472
1665,2412,VietMotion YY-21,GenZ,Trendy,S,orange,1233.091907284768,836.5295499019866
1666,1563,VietMode RS-01,Outdoor,Premium,XL,blue,3463.74,3132.260082
1667,1564,VietMode RS-02,Outdoor,Premium,S,white,4112.82,3718.400562
1668,1565,VietMode RS-03,Outdoor,Premium,M,purple,3747.24,2006.272296
1669,1566,VietMode RS-04,Outdoor,Premium,L,green,4467.96,3904.103448
1670,1567,VietMode RS-05,Outdoor,Premium,XL,silver,4999.05,4046.23107
1671,1568,VietMode RS-06,Outdoor,Premium,S,pink,5303.07,3703.664088
1672,1569,VietMode RS-07,Outdoor,Premium,M,yellow,5039.37,2522.708622
1673,1570,VietMode RS-08,Outdoor,Premium,L,red,14.648048653760693,9.085400866177642
1674,1571,VietMode RS-09,Outdoor,Premium,XL,black,29.73239720311884,18.016788156878903
1675,1572,VietMode RS-10,Outdoor,Premium,S,orange,3873.24,2666.338416
1676,1573,VietMode RS-11,Outdoor,Premium,M,blue,44.12457583127853,24.311630156991555
1677,1574,VietMode RS-12,Outdoor,Premium,L,white,60.39720450491157,35.1901975173967
1678,1575,VietMode RS-13,Outdoor,Premium,XL,purple,3356.7945283018867,3188.954801886792
1679,1576,VietMode RS-14,Outdoor,Premium,S,green,2706.4070121951218,2571.0866615853656
1680,1577,VietMode RS-15,Outdoor,Premium,M,silver,5983.74,5684.553
1681,1578,VietMode RS-16,Outdoor,Premium,L,pink,34.111613977984184,20.52738566099601
1682,1579,VietMode RS-17,Outdoor,Premium,XL,yellow,63.52580607525507,35.497372359908915
1683,1580,VietMode RS-18,Outdoor,Premium,S,red,19.06700618975431,11.155393991130872
1684,1581,VietMode RS-19,Outdoor,Premium,M,black,16.754167348605755,9.270421085851618
1685,1582,VietMode RS-20,Outdoor,Premium,L,orange,32.38777123197503,18.06777241654719
1686,1583,VietMode RS-21,Outdoor,Premium,XL,blue,5668.74,2943.209808
1687,1584,VietMode RS-22,Outdoor,Premium,S,white,4358.77448275862,3938.1527451724137
1688,1585,VietMode RS-23,Outdoor,Premium,M,purple,5039.37,4674.519612
1689,1586,VietMode RS-24,Outdoor,Premium,L,green,4661.37,3649.386573
1690,1587,VietMode RS-25,Outdoor,Premium,XL,silver,38.61443535839508,22.770636266230188
1691,1588,VietMode RS-26,Outdoor,Premium,S,pink,3529.89,2537.637921
1692,1589,VietMode RS-27,Outdoor,Premium,M,yellow,32.68519100181642,18.410639027983784
1693,1590,VietMode RS-28,Outdoor,Premium,L,red,5246.28743119266,4392.716466137615
1694,1591,VietMode RS-29,Outdoor,Premium,XL,black,14.483689583406624,8.788037818086012
1695,1592,VietMode RS-30,Outdoor,Premium,S,orange,5868.392727272727,5574.97309090909
1696,1593,VietMode RS-31,Outdoor,Premium,M,blue,31.955745234205093,19.778896568978755
1697,1594,VietMode RS-32,Outdoor,Premium,L,white,19.652650206838185,12.382322649544804
1698,1595,VietMode RS-33,Outdoor,Premium,XL,purple,4408.74,2394.386694
1699,1596,VietMode RS-34,Outdoor,Premium,S,green,4692.24,4457.628
1700,1597,VietMode RS-35,Outdoor,Premium,M,silver,2063.380223463688,1049.4351816536312
1701,1598,VietMode RS-36,Outdoor,Premium,L,pink,43.28772119118304,24.674651452072325
1702,1599,VietMode RS-37,Outdoor,Premium,XL,yellow,38.34558120807914,21.732291360338923
1703,1600,VietMode RS-38,Outdoor,Premium,S,red,22.73823992723343,12.74380082419801
1704,1601,VietMode RS-39,Outdoor,Premium,M,black,3793.490689655173,2490.0472886896555
1705,1602,VietMode RS-40,Outdoor,Premium,L,orange,4535.37,4308.6015
1706,1603,VietMode RS-41,Outdoor,Premium,XL,blue,3621.24,2054.691576
1707,1604,VietMode RS-42,Outdoor,Premium,S,white,26.96266774367245,16.545452995066615
1708,1605,VietMode RS-43,Outdoor,Premium,M,purple,5118.753298429319,4862.815633507853
1709,1606,VietMode RS-44,Outdoor,Premium,L,green,21.678361372038967,13.454622364557114
1710,1607,VietMode RS-45,Outdoor,Premium,XL,silver,5235.2741095890415,4973.510404109589
1711,1608,VietMode RS-46,Outdoor,Premium,S,pink,5496.296966292135,5221.482117977528
1712,1609,VietMode RS-47,Outdoor,Premium,M,yellow,32.29551483827897,17.86454224194349
1713,1610,VietMode RS-48,Outdoor,Premium,L,red,48.523922715489945,31.23102656172188
1714,1611,VietMode RS-49,Outdoor,Premium,XL,black,22.32505480131664,12.39480631628554
1715,1612,VietMode RS-50,Outdoor,Premium,S,orange,6110.37,4649.99157
1716,1613,VietMode RS-51,Outdoor,Premium,M,blue,40.51282563022902,24.474998501259385
1717,1614,VietMode RS-52,Outdoor,Premium,L,white,26.786471161475475,16.63188205441279
1718,1615,VietMode RS-53,Outdoor,Premium,XL,purple,3167.8994117647057,3009.50444117647
1719,1616,VietMode RS-54,Outdoor,Premium,S,green,24.1154054627487,15.363850360978969
1720,1617,VietMode RS-55,Outdoor,Premium,M,silver,4535.37,3411.9588510000003
1721,1618,VietMode RS-56,Outdoor,Premium,L,pink,31.72762828456757,19.715824031068653
1722,1619,VietMode RS-57,Outdoor,Premium,XL,yellow,21.887223637481146,13.792733185674388
1723,1620,VietMode RS-58,Outdoor,Premium,S,red,26.537007756013004,15.496153505036007
1724,1621,VietMode RS-59,Outdoor,Premium,M,black,20.50869295740109,12.950880933751266
1725,1622,VietMode RS-60,Outdoor,Premium,L,orange,72.66719561257034,40.54912970828431
1726,1623,VietMode RS-61,Outdoor,Premium,XL,blue,33.585869260565445,21.47754761557352
1727,1624,VietMode RS-62,Outdoor,Premium,S,white,25.030868339784707,15.137648854018993
1728,1625,VietMode RS-63,Outdoor,Premium,M,purple,4755.24,4200.779016
1729,1626,VietMode RS-64,Outdoor,Premium,L,green,36.07470633748295,22.78946618978329
1730,1627,VietMode RS-65,Outdoor,Premium,XL,silver,31.66046621817027,18.845317196678888
1731,1628,VietMode RS-66,Outdoor,Premium,S,pink,30.314076032980378,18.62368813667098
1732,1629,VietMode RS-67,Outdoor,Premium,M,yellow,2770.74,1718.690022
1733,1630,VietMode RS-68,Outdoor,Premium,L,red,3274.74,1882.9755
1734,1631,VietMode RS-69,Outdoor,Premium,XL,black,5700.87,5223.707181
1735,1632,VietMode RS-70,Outdoor,Premium,S,orange,5039.37,4028.472378
1736,1633,VietMode RS-71,Outdoor,Premium,M,blue,5228.37,4966.951499999999
1737,1634,VietMode RS-72,Outdoor,Premium,L,white,4258.17,3702.904632
1738,1635,VietMode RS-73,Outdoor,Premium,XL,purple,42.33722319297336,25.51411545067808
1739,1636,VietMode RS-74,Outdoor,Premium,S,green,44.835627677128144,27.93972276341151
1740,1637,VietMode RS-75,Outdoor,Premium,M,silver,26.783861972995084,14.949760702303836
1741,1638,VietMode RS-76,Outdoor,Premium,L,pink,26.302729149478207,14.62524348409405
1742,1639,VietMode RS-77,Outdoor,Premium,XL,yellow,29.665338818618345,17.048976466248824
1743,1640,VietMode RS-78,Outdoor,Premium,S,red,4786.74,4547.402999999999
1744,1641,VietMode RS-79,Outdoor,Premium,M,black,13.187000504801055,7.4632418553596755
1745,1642,VietMode RS-80,Outdoor,Premium,L,orange,18.06404638323212,11.510019389083768
1746,1643,VietMode RS-81,Outdoor,Premium,XL,blue,5070.87,4513.0743
1747,1644,VietMode RS-82,Outdoor,Premium,S,white,4566.87,3274.44579
1748,1645,VietMode RS-83,Outdoor,Premium,M,purple,5039.37,2724.283422
1749,1646,VietMode RS-84,Outdoor,Premium,L,green,5069.359166666667,3323.471869666667
1750,1647,VietMode RS-85,Outdoor,Premium,XL,silver,57.21120134809,32.72031029835538
1751,1648,VietMode RS-86,Outdoor,Premium,S,pink,63.94268181293784,41.4084191516302
1752,1649,VietMode RS-87,Outdoor,Premium,M,yellow,29.97565595801175,17.49647801168973
1753,1650,VietMode RS-88,Outdoor,Premium,L,red,5909.284285714285,4975.617368571429
1754,1651,VietMode RS-89,Outdoor,Premium,XL,black,6002.08875,5701.9843125
1755,1652,VietMode RS-90,Outdoor,Premium,S,orange,41.70507338121031,23.69731446344869
1756,1653,VietMode RS-91,Outdoor,Premium,M,blue,4849.74,4297.839588
1757,1654,VietMode RS-92,Outdoor,Premium,L,white,37.50596780635181,23.590122972054488
1758,1655,VietMode RS-93,Outdoor,Premium,XL,purple,3401.3700000000003,2796.266277
1759,1656,VietMode RS-94,Outdoor,Premium,S,green,4970.07,3734.510598
1760,1657,VietMode RS-95,Outdoor,Premium,M,silver,4746.147777777777,3926.962671333333
1761,1658,VietMode RS-96,Outdoor,Premium,L,pink,113.47157027444663,69.88382421475288
1762,1659,VietMode RS-97,Outdoor,Premium,XL,yellow,51.82278744374074,31.084322165970725
1763,1660,VietMode RS-98,Outdoor,Premium,S,red,31.463651641273284,19.05238493279652
1764,1661,VietMode RS-99,Outdoor,Premium,M,black,22.596246846759115,14.053061857164334
1765,1662,VietMode RS-00,Outdoor,Premium,L,orange,2078.37,1489.567779
1766,1663,VietMode RS-01,Outdoor,Premium,XL,blue,17.416559897953384,9.976997512511163
1767,1664,VietMode RS-02,Outdoor,Premium,S,white,35.92327644541253,23.336959914821573
1768,1665,VietMode RS-03,Outdoor,Premium,M,purple,24.47028934555433,15.844006213034849
1769,1666,VietMode RS-04,Outdoor,Premium,L,green,2847.5427272727275,2029.158947454545
1770,1667,VietMode RS-05,Outdoor,Premium,XL,silver,4426.664117647058,3156.6541822941176
1771,1265,VietMode MA-01,Casual,All-weather,M,purple,10394.37,7885.169082
1772,1266,VietMode MA-02,Casual,All-weather,L,green,18.748214405237604,11.53076246296725
1773,1267,VietMode MA-03,Casual,All-weather,XL,silver,25.5687485581122,14.573016782409388
1774,1268,VietMode MA-04,Casual,All-weather,S,pink,21.48555391895704,13.27856271342186
1775,1269,VietMode MA-05,Casual,All-weather,M,yellow,65.03051713023832,36.236294408820704
1776,1270,VietMode MA-06,Casual,All-weather,L,red,47.1180381259686,26.059349546041684
1777,1271,VietMode MA-07,Casual,All-weather,XL,black,5605.74,5325.453
1778,1272,VietMode MA-08,Casual,All-weather,S,orange,6296.410268456376,5981.589755033557
1779,1273,VietMode MA-09,Casual,All-weather,M,blue,5983.74,3856.52043
1780,1274,VietMode MA-10,Casual,All-weather,L,white,33.010013125051,19.00611877196367
1781,1275,VietMode MA-11,Casual,All-weather,XL,purple,9196.74,8009.440866
1782,1276,VietMode MA-12,Casual,All-weather,S,green,59.85815353492802,35.69116004153885
1783,1277,VietMode MA-13,Casual,All-weather,M,silver,5525.712972972973,2933.048446054054
1784,1278,VietMode MA-14,Casual,All-weather,L,pink,9764.37,6568.491699
1785,1279,VietMode MA-15,Casual,All-weather,XL,yellow,6613.74,4749.988068
1786,1280,VietMode MA-16,Casual,All-weather,S,red,5373.012857142858,5104.362214285715
1787,1281,VietMode MA-17,Casual,All-weather,M,black,4724.37,4488.1515
1788,1282,VietMode MA-18,Casual,All-weather,L,orange,34.15630935276042,21.75166857374073
1789,1283,VietMode MA-19,Casual,All-weather,XL,blue,23.464445533817567,14.611706946740496
1790,1284,VietMode MA-20,Casual,All-weather,S,white,60.9010021903396,38.01870835212474
1791,1285,VietMode MA-21,Casual,All-weather,M,purple,4647.476842105263,3315.9747268421056
1792,1286,VietMode MA-22,Casual,All-weather,L,green,8311.691612903225,6208.83363483871
1793,1287,VietMode MA-23,Casual,All-weather,XL,silver,8188.74,4307.277239999999
1794,1288,VietMode MA-24,Casual,All-weather,S,pink,8377.74,7154.589959999999
1795,1289,VietMode MA-25,Casual,All-weather,M,yellow,5669.370000000001,5385.901500000001
1796,1290,VietMode MA-26,Casual,All-weather,L,red,41.08175137687927,24.342964395115114
1797,1291,VietMode MA-27,Casual,All-weather,XL,black,21.86968733954577,12.784877049431191
1798,1292,VietMode MA-28,Casual,All-weather,S,orange,30.68777996983976,18.01691457528717
1799,1293,VietMode MA-29,Casual,All-weather,M,blue,23.3302942541113,15.135877333951903
1800,1294,VietMode MA-30,Casual,All-weather,L,white,8944.74,8497.502999999999
1801,1295,VietMode MA-31,Casual,All-weather,XL,purple,5669.37,5385.9015
1802,1296,VietMode MA-32,Casual,All-weather,S,green,19.04643809812908,10.55193467711138
1803,1297,VietMode MA-33,Casual,All-weather,M,silver,5858.370000000001,2990.697885
1804,1298,VietMode MA-34,Casual,All-weather,L,pink,4444.02,3357.4571100000003
1805,1299,VietMode MA-35,Casual,All-weather,XL,yellow,6504.159827586207,6178.951836206897
1806,1300,VietMode MA-36,Casual,All-weather,S,red,5420.109130434782,3545.293382217392
1807,1301,VietMode MA-37,Casual,All-weather,M,black,6171.255906040268,4382.208818879195
1808,1302,VietMode MA-38,Casual,All-weather,L,orange,47.9649731752333,30.53944949173788
1809,1303,VietMode MA-39,Casual,All-weather,XL,blue,9449.233783783784,6596.51010445946
1810,1304,VietMode MA-40,Casual,All-weather,S,white,4895.008548387096,4420.682220048388
1811,1305,VietMode MA-41,Casual,All-weather,M,purple,5114.97,3436.748343
1812,1306,VietMode MA-42,Casual,All-weather,L,green,10583.37,8359.803963
1813,1307,VietMode MA-43,Casual,All-weather,XL,silver,71.07720326326792,43.20552475865282
1814,1308,VietMode MA-44,Casual,All-weather,S,pink,9126.562048192773,6083.7662613253015
1815,713,HanoiStreet RP-01,Outdoor,Activewear,M,blue,1952.0120454545447,1681.8535783636362
1816,714,HanoiStreet RP-02,Outdoor,Activewear,L,white,1952.0120454545447,1350.7923354545455
1817,715,HanoiStreet RP-03,Outdoor,Activewear,XL,purple,1855.6303211009167,1707.7365845091742
1818,716,HanoiStreet RP-04,Outdoor,Activewear,S,green,1855.6303211009167,1762.8488050458714
1819,717,HanoiStreet RP-05,Outdoor,Activewear,M,silver,2046.87,1742.909805
1820,718,HanoiStreet RP-06,Outdoor,Activewear,L,pink,2046.87,1613.752308
1821,719,HanoiStreet RP-07,Outdoor,Activewear,XL,yellow,1259.37,981.552978
1822,720,HanoiStreet RP-08,Outdoor,Activewear,S,red,1259.37,742.7764259999999
1823,721,HanoiStreet RP-09,Outdoor,Activewear,M,black,2015.37,1709.2352969999995
1824,722,HanoiStreet RP-10,Outdoor,Activewear,L,orange,2015.37,1819.87911
1825,723,HanoiStreet RP-11,Outdoor,Activewear,XL,blue,18.92668763923487,11.239831904854524
1826,724,HanoiStreet RP-12,Outdoor,Activewear,S,white,41.479017404980375,25.821757084684688
1827,725,HanoiStreet RP-13,Outdoor,Activewear,M,purple,1341.3127118644063,1274.2470762711862
1828,726,HanoiStreet RP-14,Outdoor,Activewear,L,green,1341.3127118644063,1274.2470762711862
1829,727,HanoiStreet RP-15,Outdoor,Activewear,XL,silver,818.37,681.129351
1830,728,HanoiStreet RP-16,Outdoor,Activewear,S,pink,818.37,554.363838
1831,729,HanoiStreet RP-17,Outdoor,Activewear,M,yellow,3782.677086614173,3301.8988289055114
1832,730,HanoiStreet RP-18,Outdoor,Activewear,L,red,3782.677086614173,2712.936006519685
1833,731,HanoiStreet RP-19,Outdoor,Activewear,XL,black,1763.37,1675.2015
1834,732,HanoiStreet RP-20,Outdoor,Activewear,S,orange,1763.37,940.228884
1835,733,HanoiStreet RP-21,Outdoor,Activewear,M,blue,4376.45179245283,2285.383126018868
1836,734,HanoiStreet RP-22,Outdoor,Activewear,L,white,4376.45179245283,3725.6734109150943
1837,735,HanoiStreet RP-23,Outdoor,Activewear,XL,purple,4615.655408483896,2314.7511873546737
1838,736,HanoiStreet RP-24,Outdoor,Activewear,S,green,4615.655408483896,2839.0896417584445
1839,737,HanoiStreet RP-25,Outdoor,Activewear,M,silver,5669.37,5385.9015
1840,738,HanoiStreet RP-26,Outdoor,Activewear,L,pink,5669.37,4405.10049
1841,739,HanoiStreet RP-27,Outdoor,Activewear,XL,yellow,2078.146595744681,1837.081590638298
1842,740,HanoiStreet RP-28,Outdoor,Activewear,S,red,2078.146595744681,1680.804966638298
1843,741,HanoiStreet RP-29,Outdoor,Activewear,M,black,25.527159718235044,15.282265424794552
1844,742,HanoiStreet RP-30,Outdoor,Activewear,L,orange,27.25262499316237,17.369251343014614
1845,743,HanoiStreet RP-31,Outdoor,Activewear,XL,blue,3275.3700000000003,2977.638867
1846,744,HanoiStreet RP-32,Outdoor,Activewear,S,white,3275.3700000000003,2282.277816
1847,745,HanoiStreet RP-33,Outdoor,Activewear,M,purple,2645.37,2513.1015
1848,746,HanoiStreet RP-34,Outdoor,Activewear,L,green,2645.37,2343.79782
1849,747,HanoiStreet RP-35,Outdoor,Activewear,XL,silver,26.128911728333563,16.724337400413027
1850,748,HanoiStreet RP-36,Outdoor,Activewear,S,pink,23.43905602971568,13.879954859732678
1851,749,HanoiStreet RP-37,Outdoor,Activewear,M,yellow,33.76445598780529,19.50514479088731
1852,750,HanoiStreet RP-38,Outdoor,Activewear,L,red,23.750888811810576,14.469873525701855
1853,751,HanoiStreet RP-39,Outdoor,Activewear,XL,black,36.89893653022032,23.660938809862152
1854,752,HanoiStreet RP-40,Outdoor,Activewear,S,orange,32.45663063646928,18.534885335820807
1855,753,HanoiStreet RP-41,Outdoor,Activewear,M,blue,2960.314736842105,1663.992913578947
1856,754,HanoiStreet RP-42,Outdoor,Activewear,L,white,2960.314736842105,2498.801669368421
1857,755,HanoiStreet RP-43,Outdoor,Activewear,XL,purple,30.09685800990786,18.42820558649208
1858,756,HanoiStreet RP-44,Outdoor,Activewear,S,green,23.03407255575496,14.123480298959194
1859,757,HanoiStreet RP-45,Outdoor,Activewear,M,silver,890.4549377123442,566.9526588414495
1860,758,HanoiStreet RP-46,Outdoor,Activewear,L,pink,890.4549377123442,845.9321908267269
1861,759,HanoiStreet RP-47,Outdoor,Activewear,XL,yellow,1901.46566118317,1048.658312142518
1862,760,HanoiStreet RP-48,Outdoor,Activewear,S,red,1901.46566118317,1262.5731990256247
1863,761,HanoiStreet RP-49,Outdoor,Activewear,M,black,2220.597146098796,2109.567288793856
1864,762,HanoiStreet RP-50,Outdoor,Activewear,L,orange,2220.597146098796,2109.567288793856
1865,763,HanoiStreet RP-51,Outdoor,Activewear,XL,blue,3884.3831348511385,2371.8043421401053
1866,764,HanoiStreet RP-52,Outdoor,Activewear,S,white,3884.3831348511385,3601.600042633976
1867,765,HanoiStreet RP-53,Outdoor,Activewear,M,purple,26.292703514219244,16.3885392668984
1868,766,HanoiStreet RP-54,Outdoor,Activewear,L,green,44.79768618049332,25.228120186253825
1869,767,HanoiStreet RP-55,Outdoor,Activewear,XL,silver,1148.819768160742,585.8980817619783
1870,768,HanoiStreet RP-56,Outdoor,Activewear,S,pink,1148.819768160742,728.9261428979906
1871,769,HanoiStreet RP-57,Outdoor,Activewear,M,yellow,3297.595237449118,1690.347318716418
1872,770,HanoiStreet RP-58,Outdoor,Activewear,L,red,3297.595237449118,3096.441927964722
1873,771,HanoiStreet RP-59,Outdoor,Activewear,XL,black,2015.37,1914.6015
1874,772,HanoiStreet RP-60,Outdoor,Activewear,S,orange,2015.37,1835.397459
1875,773,HanoiStreet RP-61,Outdoor,Activewear,M,blue,40.462146189248784,25.150561840774884
1876,774,HanoiStreet RP-62,Outdoor,Activewear,L,white,22.39813960537897,14.35504051332829
1877,775,HanoiStreet RP-63,Outdoor,Activewear,XL,purple,34.45771507009437,19.570890225387863
1878,776,HanoiStreet RP-64,Outdoor,Activewear,S,green,44.72599379848069,25.661732716905963
1879,777,HanoiStreet RP-65,Outdoor,Activewear,M,silver,1477.4889495225102,1403.6145020463846
1880,778,HanoiStreet RP-66,Outdoor,Activewear,L,pink,1477.4889495225102,1174.308217080491
1881,779,HanoiStreet RP-67,Outdoor,Activewear,XL,yellow,3997.024412721359,3519.3799954011565
1882,780,HanoiStreet RP-68,Outdoor,Activewear,S,red,3997.024412721359,2058.4675725515
1883,781,HanoiStreet RP-69,Outdoor,Activewear,M,black,1274.5818688060406,845.3026953921661
1884,782,HanoiStreet RP-70,Outdoor,Activewear,L,orange,1274.5818688060406,1065.805358695611
1885,783,HanoiStreet RP-71,Outdoor,Activewear,XL,blue,16.983425324670684,10.99064553260964
1886,784,HanoiStreet RP-72,Outdoor,Activewear,S,white,41.15494446249125,23.38002909814518
1887,785,HanoiStreet RP-73,Outdoor,Activewear,M,purple,699.7209571558797,441.24403558249776
1888,786,HanoiStreet RP-74,Outdoor,Activewear,L,green,699.7209571558797,645.842443454877
1889,787,HanoiStreet RP-75,Outdoor,Activewear,XL,silver,3820.797597955707,3601.865895592845
1890,788,HanoiStreet RP-76,Outdoor,Activewear,S,pink,3820.797597955707,2436.1405484565585
1891,789,HanoiStreet RP-77,Outdoor,Activewear,M,yellow,2708.37,2535.305157
1892,790,HanoiStreet RP-78,Outdoor,Activewear,L,red,2708.37,1879.337943
1893,791,HanoiStreet RP-79,Outdoor,Activewear,XL,black,811.8865136951651,584.9642331173665
1894,792,HanoiStreet RP-80,Outdoor,Activewear,S,orange,811.8865136951651,649.2656450020236
1895,793,HanoiStreet RP-81,Outdoor,Activewear,M,blue,1012.756364088948,643.5053937421175
1896,794,HanoiStreet RP-82,Outdoor,Activewear,L,white,1012.756364088948,962.1185458845003
1897,795,HanoiStreet RP-83,Outdoor,Activewear,XL,purple,3338.27,1832.042576
1898,796,HanoiStreet RP-84,Outdoor,Activewear,S,green,3338.27,3052.8479150000003
1899,2204,VietMotion RP-01,Outdoor,Activewear,S,white,1771.100769230769,1588.5002799230772
1900,2205,VietMotion RP-02,Outdoor,Activewear,M,purple,1771.100769230769,1682.5457307692304
1901,2206,VietMotion RP-03,Outdoor,Activewear,L,green,1254.4735664659563,700.8743815845297
1902,2207,VietMotion RP-04,Outdoor,Activewear,XL,silver,1254.4735664659563,1191.7498881426584
1903,2208,VietMotion RP-05,Outdoor,Activewear,S,pink,25.405114103662665,16.143387835566728
1904,2209,VietMotion RP-06,Outdoor,Activewear,M,yellow,41.60579529070704,24.931348582041373
1905,2210,VietMotion RP-07,Outdoor,Activewear,L,red,1290.87,907.997958
1906,2211,VietMotion RP-08,Outdoor,Activewear,XL,black,1290.87,790.9160489999999
1907,2212,VietMotion RP-09,Outdoor,Activewear,S,orange,1075.947169481654,854.5172420023296
1908,2213,VietMotion RP-10,Outdoor,Activewear,M,blue,1075.947169481654,753.7009922218986
1909,2214,VietMotion RP-11,Outdoor,Activewear,L,white,4408.759136690647,4188.321179856114
1910,2215,VietMotion RP-12,Outdoor,Activewear,XL,purple,4408.759136690647,3776.983952402878
1911,2216,VietMotion RP-13,Outdoor,Activewear,S,green,24.40276236039929,14.024831413896305
1912,2217,VietMotion RP-14,Outdoor,Activewear,M,silver,16.087573790506436,10.248990913758313
1913,2218,VietMotion RP-15,Outdoor,Activewear,L,pink,1768.2999241274658,1081.8458935811836
1914,2219,VietMotion RP-16,Outdoor,Activewear,XL,yellow,1768.2999241274658,1679.8849279210924
1915,2220,VietMotion RP-17,Outdoor,Activewear,S,red,17.270209532795405,10.267666749032566
1916,2221,VietMotion RP-18,Outdoor,Activewear,M,black,33.75855878047006,20.305156519642683
1917,2222,VietMotion RP-19,Outdoor,Activewear,L,orange,2772.1630069930065,1759.214644237762
1918,2223,VietMotion RP-20,Outdoor,Activewear,XL,blue,2772.1630069930065,2178.9201234965035
1919,2224,VietMotion RP-21,Outdoor,Activewear,S,white,768.1824234158624,443.2412583109526
1920,2225,VietMotion RP-22,Outdoor,Activewear,M,purple,768.1824234158624,444.8544414001259
1921,2226,VietMotion RP-23,Outdoor,Activewear,L,green,3905.37,3541.780053
1922,2227,VietMotion RP-24,Outdoor,Activewear,XL,silver,3905.37,3396.109752
1923,2228,VietMotion RP-25,Outdoor,Activewear,S,pink,36.74084212357635,21.52731681903071
1924,2229,VietMotion RP-26,Outdoor,Activewear,M,yellow,23.064008986246684,14.052787319025455
1925,2230,VietMotion RP-27,Outdoor,Activewear,L,red,42.75289804070498,24.21320586757261
1926,2231,VietMotion RP-28,Outdoor,Activewear,XL,black,17.037077101612223,10.036681035182026
1927,2232,VietMotion RP-29,Outdoor,Activewear,S,orange,32.25161374327551,20.86489873659447
1928,2233,VietMotion RP-30,Outdoor,Activewear,M,blue,20.401195867644955,11.747280799257052
1929,2234,VietMotion RP-31,Outdoor,Activewear,L,white,815.4618895599655,609.0684853123382
1930,2235,VietMotion RP-32,Outdoor,Activewear,XL,purple,815.4618895599655,614.042802838654
1931,2236,VietMotion RP-33,Outdoor,Activewear,S,green,2193.0293107221005,1526.7870061247263
1932,2237,VietMotion RP-34,Outdoor,Activewear,M,silver,2193.0293107221005,1336.6513648851203
1933,2238,VietMotion RP-35,Outdoor,Activewear,L,pink,1546.0695505617975,846.4730789325843
1934,2239,VietMotion RP-36,Outdoor,Activewear,XL,yellow,1546.0695505617975,1225.1055118651684
1935,2240,VietMotion RP-37,Outdoor,Activewear,S,red,1070.2073493975904,1005.3527840240964
1936,2241,VietMotion RP-38,Outdoor,Activewear,M,black,1070.2073493975904,622.646635879518
1937,2242,VietMotion RP-39,Outdoor,Activewear,L,orange,25.514975565908784,15.708898556150585
1938,2243,VietMotion RP-40,Outdoor,Activewear,XL,blue,33.74929298567648,19.65960461747709
1939,2244,VietMotion RP-41,Outdoor,Activewear,S,white,23.47262043150628,14.725485346649686
1940,2245,VietMotion RP-42,Outdoor,Activewear,M,purple,28.393997929131604,15.988301506163854
1941,2246,VietMotion RP-43,Outdoor,Activewear,L,green,1574.37,1030.7400389999998
1942,2247,VietMotion RP-44,Outdoor,Activewear,XL,silver,1574.37,850.1597999999999
1943,2248,VietMotion RP-45,Outdoor,Activewear,S,pink,49.526957816482096,32.04305539797932
1944,2249,VietMotion RP-46,Outdoor,Activewear,M,yellow,26.291435826780287,15.65336756534436
1945,2250,VietMotion RP-47,Outdoor,Activewear,L,red,1511.37,944.455113
1946,2251,VietMotion RP-48,Outdoor,Activewear,XL,black,1511.37,1150.605981
1947,2252,VietMotion RP-49,Outdoor,Activewear,S,orange,1621.5537476099423,1087.4139431472274
1948,2253,VietMotion RP-50,Outdoor,Activewear,M,blue,1621.5537476099423,1250.8665609063096
1949,2254,VietMotion RP-51,Outdoor,Activewear,L,white,715.600871757925,486.6801528825648
1950,2255,VietMotion RP-52,Outdoor,Activewear,XL,purple,715.600871757925,679.8208281700287
1951,2256,VietMotion RP-53,Outdoor,Activewear,S,green,46.25996243794829,26.53494789765833
1952,2257,VietMotion RP-54,Outdoor,Activewear,M,silver,21.07562708012749,11.74649389790309
1953,2258,VietMotion RP-55,Outdoor,Activewear,L,pink,40.93238959023979,23.207673945338502
1954,2259,VietMotion RP-56,Outdoor,Activewear,XL,yellow,58.94633467839673,35.48436098598768
1955,2260,VietMotion RP-57,Outdoor,Activewear,S,red,12.321456825641691,7.192038262953153
1956,2261,VietMotion RP-58,Outdoor,Activewear,M,black,24.076635714137137,15.237821927761768
1957,2262,VietMotion RP-59,Outdoor,Activewear,L,orange,3918.239568919638,3722.327590473656
1958,2263,VietMotion RP-60,Outdoor,Activewear,XL,blue,3918.239568919638,3722.327590473656
1959,2264,VietMotion RP-61,Outdoor,Activewear,S,white,41.7136682497843,24.73990745888133
1960,2265,VietMotion RP-62,Outdoor,Activewear,M,purple,30.53219942488464,17.552089060732616
1961,2266,VietMotion RP-63,Outdoor,Activewear,L,green,38.415397252680165,23.49925547126347
1962,2267,VietMotion RP-64,Outdoor,Activewear,XL,silver,26.008045314091728,16.142614311122884
1963,46,DragonWear RP-01,Outdoor,Activewear,L,green,34.2825306861865,19.42805381075192
1964,47,DragonWear RP-02,Outdoor,Activewear,XL,silver,31.11621624135108,17.635486510766402
1965,48,DragonWear RP-03,Outdoor,Activewear,S,pink,786.87,404.293806
1966,49,DragonWear RP-04,Outdoor,Activewear,M,yellow,786.87,401.854509
1967,50,DragonWear RP-05,Outdoor,Activewear,L,red,52.83177583040088,29.251218367433875
1968,51,DragonWear RP-06,Outdoor,Activewear,XL,black,36.66300972290101,22.8645267714271
1969,52,DragonWear RP-07,Outdoor,Activewear,S,orange,4094.37,3531.803562
1970,53,DragonWear RP-08,Outdoor,Activewear,M,blue,4094.37,3586.66812
1971,54,DragonWear RP-09,Outdoor,Activewear,L,white,4890.186,3904.3245024
1972,55,DragonWear RP-10,Outdoor,Activewear,XL,purple,4890.186,4645.676699999999
1973,56,DragonWear RP-11,Outdoor,Activewear,S,green,3676.279090909091,3492.465136363636
1974,57,DragonWear RP-12,Outdoor,Activewear,M,silver,3676.279090909091,3492.465136363636
1975,58,DragonWear RP-13,Outdoor,Activewear,L,pink,4325.34375,3115.1125687500003
1976,59,DragonWear RP-14,Outdoor,Activewear,XL,yellow,4325.34375,3585.70996875
1977,60,DragonWear RP-15,Outdoor,Activewear,S,red,4703.16,4129.844796
1978,61,DragonWear RP-16,Outdoor,Activewear,M,black,4703.16,3495.388512
1979,62,DragonWear RP-17,Outdoor,Activewear,L,orange,4800.533684210526,2974.4106707368423
1980,63,DragonWear RP-18,Outdoor,Activewear,XL,blue,4800.533684210526,4293.117273789474
1981,64,DragonWear RP-19,Outdoor,Activewear,S,white,3779.37,3590.4015
1982,65,DragonWear RP-20,Outdoor,Activewear,M,purple,3779.37,3427.132716
1983,66,DragonWear RP-21,Outdoor,Activewear,L,green,5043.402,4791.2319
1984,67,DragonWear RP-22,Outdoor,Activewear,XL,silver,5043.402,4436.176399200001
1985,213,LotusWear RP-01,Outdoor,Activewear,M,blue,37.90340936224889,23.36292062393324
1986,214,LotusWear RP-02,Outdoor,Activewear,L,white,28.085381609401004,16.779978812074326
1987,215,LotusWear RP-03,Outdoor,Activewear,XL,purple,27.24738383297475,17.28620473248795
1988,216,LotusWear RP-04,Outdoor,Activewear,S,green,27.854003961988106,17.563816142326093
1989,217,LotusWear RP-05,Outdoor,Activewear,M,silver,38.77519960989875,23.59608301764526
1990,218,LotusWear RP-06,Outdoor,Activewear,L,pink,27.983252540430417,17.820494348857274
1991,219,LotusWear RP-07,Outdoor,Activewear,XL,yellow,37.185166909088366,21.217265775197195
1992,220,LotusWear RP-08,Outdoor,Activewear,S,red,75.95646289208631,42.62615643241546
1993,221,LotusWear RP-09,Outdoor,Activewear,M,black,46.92027483880587,27.07182375234705
1994,222,LotusWear RP-10,Outdoor,Activewear,L,orange,29.066624371384982,16.152575624510884
1995,392,SaigonFlex RP-01,Outdoor,Activewear,S,orange,6126.75,5820.412499999999
1996,393,SaigonFlex RP-02,Outdoor,Activewear,M,blue,6126.75,5586.983325
1997,1055,MekongFit RP-01,Outdoor,Activewear,XL,purple,755.37,717.6015
1998,1056,MekongFit RP-02,Outdoor,Activewear,S,green,755.37,662.686101
1999,1057,MekongFit RP-03,Outdoor,Activewear,M,silver,1607.8226315789473,1036.884815105263
2000,1058,MekongFit RP-04,Outdoor,Activewear,L,pink,1607.8226315789473,1527.4315
2001,1059,MekongFit RP-05,Outdoor,Activewear,XL,yellow,1979.360663900415,1058.3641469875515
2002,1060,MekongFit RP-06,Outdoor,Activewear,S,red,1979.360663900415,1361.8001367634854
2003,1061,MekongFit RP-07,Outdoor,Activewear,M,black,1800.4956652868125,1624.2271396552335
2004,1062,MekongFit RP-08,Outdoor,Activewear,L,orange,1800.4956652868125,1710.470882022472
2005,1063,MekongFit RP-09,Outdoor,Activewear,XL,blue,1960.245,1862.23275
2006,1064,MekongFit RP-10,Outdoor,Activewear,S,white,1960.245,1605.832704
2007,1065,MekongFit RP-11,Outdoor,Activewear,M,purple,3731.974912998976,2473.179774844422
2008,1066,MekongFit RP-12,Outdoor,Activewear,L,green,3731.974912998976,3311.008142812692
2009,1067,MekongFit RP-13,Outdoor,Activewear,XL,silver,4881.87,4623.619077
2010,1068,MekongFit RP-14,Outdoor,Activewear,S,pink,4881.87,4637.7765
2011,1069,MekongFit RP-15,Outdoor,Activewear,M,yellow,1889.37,1137.589677
2012,1070,MekongFit RP-16,Outdoor,Activewear,L,red,1889.37,1530.7675740000002
2013,1071,MekongFit RP-17,Outdoor,Activewear,XL,black,53.543026743157576,32.29270713302763
2014,1072,MekongFit RP-18,Outdoor,Activewear,S,orange,28.128121774493703,18.104962872727203
2015,1073,MekongFit RP-19,Outdoor,Activewear,M,blue,2834.37,2692.6515
2016,1074,MekongFit RP-20,Outdoor,Activewear,L,white,2834.37,2536.477713
2017,1075,MekongFit RP-21,Outdoor,Activewear,XL,purple,3114.1088059701488,1652.034721567164
2018,1076,MekongFit RP-22,Outdoor,Activewear,S,green,3114.1088059701488,2258.663116970149
2019,1077,MekongFit RP-23,Outdoor,Activewear,M,silver,4317.599357798164,4101.719389908256
2020,1078,MekongFit RP-24,Outdoor,Activewear,L,pink,4317.599357798164,3338.367823449541
2021,1079,MekongFit RP-25,Outdoor,Activewear,XL,yellow,3149.37,2125.82475
2022,1080,MekongFit RP-26,Outdoor,Activewear,S,red,3149.37,2653.974099
2023,1081,MekongFit RP-27,Outdoor,Activewear,M,black,2782.7306557377046,2487.204660098361
2024,1082,MekongFit RP-28,Outdoor,Activewear,L,orange,2782.7306557377046,2043.915666639344
2025,1083,MekongFit RP-29,Outdoor,Activewear,XL,blue,14.6545400126499,8.117653156054045
2026,1084,MekongFit RP-30,Outdoor,Activewear,S,white,22.12626746115412,12.439630765339205
2027,1085,MekongFit RP-31,Outdoor,Activewear,M,purple,1139.5005960656706,895.8753686268303
2028,1086,MekongFit RP-32,Outdoor,Activewear,L,green,1139.5005960656706,846.3070926979735
2029,1087,MekongFit RP-33,Outdoor,Activewear,XL,silver,3432.87,2542.726809
2030,1088,MekongFit RP-34,Outdoor,Activewear,S,pink,3432.87,2650.17564
2031,1089,MekongFit RP-35,Outdoor,Activewear,M,yellow,4610.969999999999,2548.022022
2032,1090,MekongFit RP-36,Outdoor,Activewear,L,red,4610.969999999999,4380.4215
2033,1091,MekongFit RP-37,Outdoor,Activewear,XL,black,2116.288125,1165.228241625
2034,1092,MekongFit RP-38,Outdoor,Activewear,S,orange,2116.288125,1846.673017875
2035,1093,MekongFit RP-39,Outdoor,Activewear,M,blue,711.0279925650557,525.0230697100371
2036,1094,MekongFit RP-40,Outdoor,Activewear,L,white,711.0279925650557,608.2133448401487
2037,1095,MekongFit RP-41,Outdoor,Activewear,XL,purple,1480.6935294117643,1383.1158258235296
2038,1096,MekongFit RP-42,Outdoor,Activewear,S,green,1480.6935294117643,873.7572517058823
2039,1097,MekongFit RP-43,Outdoor,Activewear,M,silver,3724.014215938303,3064.118896874036
2040,1098,MekongFit RP-44,Outdoor,Activewear,L,pink,3724.014215938303,3151.633230948586
2041,1099,MekongFit RP-45,Outdoor,Activewear,XL,yellow,497.07,249.280605
2042,1100,MekongFit RP-46,Outdoor,Activewear,S,red,497.07,346.308669
2043,1101,MekongFit RP-47,Outdoor,Activewear,M,black,2676.87,1384.7448510000002
2044,1102,MekongFit RP-48,Outdoor,Activewear,L,orange,2676.87,2543.0265
2045,1103,MekongFit RP-49,Outdoor,Activewear,XL,blue,1792.7023572474377,1145.8953467525623
2046,1104,MekongFit RP-50,Outdoor,Activewear,S,white,1792.7023572474377,1703.0672393850657
2047,1105,MekongFit RP-51,Outdoor,Activewear,M,purple,3028.62,2877.189
2048,1106,MekongFit RP-52,Outdoor,Activewear,L,green,3028.62,2278.430826
2049,1107,MekongFit RP-53,Outdoor,Activewear,XL,silver,1920.87,1824.8265
2050,1108,MekongFit RP-54,Outdoor,Activewear,S,pink,1920.87,1074.1505039999995
2051,1109,MekongFit RP-55,Outdoor,Activewear,M,yellow,2555.2866666666664,2320.7113506666665
2052,1110,MekongFit RP-56,Outdoor,Activewear,L,red,2555.2866666666664,2427.522333333333
2053,1111,MekongFit RP-57,Outdoor,Activewear,XL,black,1422.8740268456374,1286.2781202684564
2054,1112,MekongFit RP-58,Outdoor,Activewear,S,orange,1422.8740268456374,1014.2246063355705
2055,1732,SaigonCore RP-01,Outdoor,Activewear,S,orange,5354.37,5086.6515
2056,1733,SaigonCore RP-02,Outdoor,Activewear,M,blue,5354.37,3965.446422
2057,1734,SaigonCore RP-03,Outdoor,Activewear,L,white,5398.47,3692.013633000001
2058,1735,SaigonCore RP-04,Outdoor,Activewear,XL,purple,5398.47,3275.791596
2059,1736,SaigonCore RP-05,Outdoor,Activewear,S,green,15.66898422864841,9.326491269994955
2060,1737,SaigonCore RP-06,Outdoor,Activewear,M,silver,28.77176736143489,18.51139552368607
2061,1738,SaigonCore RP-07,Outdoor,Activewear,L,pink,33.36032606841429,19.40288641268228
2062,1739,SaigonCore RP-08,Outdoor,Activewear,XL,yellow,64.75266933041797,38.898448915717616
2063,1740,SaigonCore RP-09,Outdoor,Activewear,S,red,5414.745,3403.1672325
2064,1741,SaigonCore RP-10,Outdoor,Activewear,M,black,5414.745,5144.00775
2065,1742,SaigonCore RP-11,Outdoor,Activewear,L,orange,3464.37,2540.422521
2066,1743,SaigonCore RP-12,Outdoor,Activewear,XL,blue,3464.37,3142.18359
2067,1744,SaigonCore RP-13,Outdoor,Activewear,S,white,5217.507931034483,4956.632534482758
2068,1745,SaigonCore RP-14,Outdoor,Activewear,M,purple,5217.507931034483,3797.3022722068968
2069,1926,UrbanVN RP-01,Outdoor,Activewear,L,green,1137.8602807775376,1058.4376331792655
2070,1927,UrbanVN RP-02,Outdoor,Activewear,XL,silver,1137.8602807775376,1080.9672667386606
2071,1928,UrbanVN RP-03,Outdoor,Activewear,S,pink,37.741902504944775,20.9149502570328
2072,1929,UrbanVN RP-04,Outdoor,Activewear,M,yellow,30.336748167908752,17.135236525350653
2073,1930,UrbanVN RP-05,Outdoor,Activewear,L,red,46.14378269969036,29.931765084707884
2074,1931,UrbanVN RP-06,Outdoor,Activewear,XL,black,13.67467902538131,8.840842303475455
2075,1932,UrbanVN RP-07,Outdoor,Activewear,S,orange,5291.37,2847.286197
2076,1933,UrbanVN RP-08,Outdoor,Activewear,M,blue,5291.37,3064.232367
2077,1934,UrbanVN RP-09,Outdoor,Activewear,L,white,1609.9115094339622,1337.8364643396226
2078,1935,UrbanVN RP-10,Outdoor,Activewear,XL,purple,1609.9115094339622,1048.696357245283
2079,1936,UrbanVN RP-11,Outdoor,Activewear,S,green,3441.0957085020245,2500.644251368421
2080,1937,UrbanVN RP-12,Outdoor,Activewear,M,silver,3441.0957085020245,3269.040923076924
2081,1938,UrbanVN RP-13,Outdoor,Activewear,L,pink,3527.37,3268.4610419999995
2082,1939,UrbanVN RP-14,Outdoor,Activewear,XL,yellow,3527.37,1932.99876
2083,1940,UrbanVN RP-15,Outdoor,Activewear,S,red,2011.3572611464965,1582.334757343949
2084,1941,UrbanVN RP-16,Outdoor,Activewear,M,black,2011.3572611464965,1626.1823456369425
2085,1942,UrbanVN RP-17,Outdoor,Activewear,L,orange,1481.996824817518,1407.896983576642
2086,1943,UrbanVN RP-18,Outdoor,Activewear,XL,blue,1481.996824817518,1063.7773208540143
2087,1944,UrbanVN RP-19,Outdoor,Activewear,S,white,36.38824646707872,20.031511281271698
2088,1945,UrbanVN RP-20,Outdoor,Activewear,M,purple,45.07582526163278,29.08207406606809
2089,1946,UrbanVN RP-21,Outdoor,Activewear,L,green,3369.87,2625.465717
2090,1947,UrbanVN RP-22,Outdoor,Activewear,XL,silver,3369.87,2821.255164
2091,1948,UrbanVN RP-23,Outdoor,Activewear,S,pink,3728.773125,2971.086426
2092,1949,UrbanVN RP-24,Outdoor,Activewear,M,yellow,3728.773125,2876.7484659375
2093,1950,UrbanVN RP-25,Outdoor,Activewear,L,red,4031.37,3108.589407
2094,1951,UrbanVN RP-26,Outdoor,Activewear,XL,black,4031.37,3130.3588049999994
2095,1952,UrbanVN RP-27,Outdoor,Activewear,S,orange,18.33048464860911,11.253304377609716
2096,1953,UrbanVN RP-28,Outdoor,Activewear,M,blue,52.32643105341463,33.32104375919796
2097,1954,UrbanVN RP-29,Outdoor,Activewear,L,white,37.91696218405503,22.57856459219544
2098,1955,UrbanVN RP-30,Outdoor,Activewear,XL,purple,28.047088630409924,16.87199549783042
2099,1956,UrbanVN RP-31,Outdoor,Activewear,S,green,42.65364555812609,25.544613933627417
2100,1957,UrbanVN RP-32,Outdoor,Activewear,M,silver,82.12784702062984,50.64712843407366
2101,1958,UrbanVN RP-33,Outdoor,Activewear,L,pink,944.37,860.226633
2102,1959,UrbanVN RP-34,Outdoor,Activewear,XL,yellow,944.37,782.221671
2103,1960,UrbanVN RP-35,Outdoor,Activewear,S,red,1177.47,615.8168099999999
2104,1961,UrbanVN RP-36,Outdoor,Activewear,M,black,1177.47,861.9080399999999
2105,1962,UrbanVN RP-37,Outdoor,Activewear,L,orange,1794.87,1680.5367809999998
2106,1963,UrbanVN RP-38,Outdoor,Activewear,XL,blue,1794.87,1050.357924
2107,1964,UrbanVN RP-39,Outdoor,Activewear,S,white,1070.37,1016.8515
2108,1965,UrbanVN RP-40,Outdoor,Activewear,M,purple,1070.37,1016.8515
2109,1966,UrbanVN RP-41,Outdoor,Activewear,L,green,2939.728361774744,1892.009173638225
2110,1967,UrbanVN RP-42,Outdoor,Activewear,XL,silver,2939.728361774744,2792.7419436860064
2111,1968,UrbanVN RP-43,Outdoor,Activewear,S,pink,2865.87,2722.5765
2112,1969,UrbanVN RP-44,Outdoor,Activewear,M,yellow,2865.87,2094.664383
2113,1970,UrbanVN RP-45,Outdoor,Activewear,L,red,35.61427362498996,20.085208293640928
2114,1971,UrbanVN RP-46,Outdoor,Activewear,XL,black,36.57219435209544,20.22432688907785
2115,1972,UrbanVN RP-47,Outdoor,Activewear,S,orange,27.55697391384372,16.004897389386034
2116,1973,UrbanVN RP-48,Outdoor,Activewear,M,blue,23.57206329652493,14.625712767395886
2117,1974,UrbanVN RP-49,Outdoor,Activewear,L,white,692.3085964912281,657.6931666666666
2118,1975,UrbanVN RP-50,Outdoor,Activewear,XL,purple,692.3085964912281,657.6931666666666
2119,1976,UrbanVN RP-51,Outdoor,Activewear,S,green,46.16095572582198,26.320300475857263
2120,1977,UrbanVN RP-52,Outdoor,Activewear,M,silver,23.513305904967385,14.515780528841598
2121,1978,UrbanVN RP-53,Outdoor,Activewear,L,pink,3185.1557142857146,1873.827106714286
2122,1979,UrbanVN RP-54,Outdoor,Activewear,XL,yellow,3185.1557142857146,1959.826311
2123,1980,UrbanVN RP-55,Outdoor,Activewear,S,red,2026.0782152974505,1593.3079085099146
2124,1981,UrbanVN RP-56,Outdoor,Activewear,M,black,2026.0782152974505,1031.0712037648725
2125,2108,PhoenixWear RP-01,Outdoor,Activewear,S,pink,34.07713034376433,22.047603610788848
2126,2109,PhoenixWear RP-02,Outdoor,Activewear,M,yellow,27.356031132735204,15.302692213456506
2127,1309,VietMode RP-01,Outdoor,Activewear,M,yellow,3195.99,3036.1905
2128,1310,VietMode RP-02,Outdoor,Activewear,L,red,3195.99,1813.724325
2129,1311,VietMode RP-03,Outdoor,Activewear,XL,black,40.108646331063575,24.75747153022655
2130,1312,VietMode RP-04,Outdoor,Activewear,S,orange,37.84371220778986,22.49335727343501
2131,1313,VietMode RP-05,Outdoor,Activewear,M,blue,3630.634736842105,2266.968329684211
2132,1314,VietMode RP-06,Outdoor,Activewear,L,white,3630.634736842105,3449.103
2133,1315,VietMode RP-07,Outdoor,Activewear,XL,purple,4409.278125,2546.799045
2134,1316,VietMode RP-08,Outdoor,Activewear,S,green,4409.278125,4104.156078749999
2135,1317,VietMode RP-09,Outdoor,Activewear,M,silver,3944.035454545454,3586.7058423636363
2136,1318,VietMode RP-10,Outdoor,Activewear,L,pink,3944.035454545454,2028.0230307272727
2137,1319,VietMode RP-11,Outdoor,Activewear,XL,yellow,4481.563026315789,2574.2098023157896
2138,1320,VietMode RP-12,Outdoor,Activewear,S,red,4481.563026315789,4257.484874999999
2139,1321,VietMode RP-13,Outdoor,Activewear,M,black,50.1498727844164,31.936152393009856
2140,1322,VietMode RP-14,Outdoor,Activewear,L,orange,27.004227841229177,15.330704640302349
2141,1323,VietMode RP-15,Outdoor,Activewear,XL,blue,29.72683062013232,18.408714277566283
2142,1324,VietMode RP-16,Outdoor,Activewear,S,white,22.38731522105933,14.189338489676803
2143,1325,VietMode RP-17,Outdoor,Activewear,M,purple,4781.390943396226,2627.852462490566
2144,1326,VietMode RP-18,Outdoor,Activewear,L,green,4781.390943396226,4542.321396226414
2145,1327,VietMode RP-19,Outdoor,Activewear,XL,silver,27.72356284902519,17.86676673513095
2146,1328,VietMode RP-20,Outdoor,Activewear,S,pink,38.51008662414959,23.81174171880364
2147,1329,VietMode RP-21,Outdoor,Activewear,M,yellow,1652.259512195122,1569.6465365853658
2148,1330,VietMode RP-22,Outdoor,Activewear,L,red,1652.259512195122,846.6177740487806
2149,1331,VietMode RP-23,Outdoor,Activewear,XL,black,5140.902162162162,4883.857054054054
2150,1332,VietMode RP-24,Outdoor,Activewear,S,orange,5140.902162162162,2764.7771828108107
2151,1333,VietMode RP-25,Outdoor,Activewear,M,blue,44.82631909216676,26.88312696229316
2152,1334,VietMode RP-26,Outdoor,Activewear,L,white,22.899930378810343,14.009827586880482
2153,1335,VietMode RP-27,Outdoor,Activewear,XL,purple,4912.74,3845.692872
2154,1336,VietMode RP-28,Outdoor,Activewear,S,green,4912.74,4197.93633
2155,1337,VietMode RP-29,Outdoor,Activewear,M,silver,46.891778803111855,29.86492837502126
2156,1338,VietMode RP-30,Outdoor,Activewear,L,pink,56.95463897308756,34.574938646632106
2157,1339,VietMode RP-31,Outdoor,Activewear,XL,yellow,2933.641534090909,1483.5425237897728
2158,1340,VietMode RP-32,Outdoor,Activewear,S,red,2933.641534090909,2571.336804630682
2159,1341,VietMode RP-33,Outdoor,Activewear,M,black,3970.807826086957,3772.2674347826087
2160,1342,VietMode RP-34,Outdoor,Activewear,L,orange,3970.807826086957,3772.2674347826087
2161,1343,VietMode RP-35,Outdoor,Activewear,XL,blue,3883.172432432432,3069.2594905945944
2162,1344,VietMode RP-36,Outdoor,Activewear,S,white,3883.172432432432,2469.309349783784
2163,1345,VietMode RP-37,Outdoor,Activewear,M,purple,3778.74,2908.874052
2164,1346,VietMode RP-38,Outdoor,Activewear,L,green,3778.74,3499.868988
2165,1347,VietMode RP-39,Outdoor,Activewear,XL,silver,3892.450866141732,3697.828322834645
2166,1348,VietMode RP-40,Outdoor,Activewear,S,pink,3892.450866141732,3079.707125291339
2167,1349,VietMode RP-41,Outdoor,Activewear,M,yellow,4740.946657458563,4172.507153229281
2168,1350,VietMode RP-42,Outdoor,Activewear,L,red,4740.946657458563,4503.8993245856345
2169,1351,VietMode RP-43,Outdoor,Activewear,XL,black,3944.34,3610.254402
2170,1352,VietMode RP-44,Outdoor,Activewear,S,orange,3944.34,3006.770382
2171,1353,VietMode RP-45,Outdoor,Activewear,M,blue,4440.24,3652.0974
2172,1354,VietMode RP-46,Outdoor,Activewear,L,white,4440.24,2478.5419679999995
2173,1355,VietMode RP-47,Outdoor,Activewear,XL,purple,39.07074437742411,21.607633911762928
2174,1356,VietMode RP-48,Outdoor,Activewear,S,green,70.15578890984686,45.11682791720426
2175,1357,VietMode RP-49,Outdoor,Activewear,M,silver,6070.517727272727,3428.628412363636
2176,1358,VietMode RP-50,Outdoor,Activewear,L,pink,6070.517727272727,5023.353419318182
2177,1359,VietMode RP-51,Outdoor,Activewear,XL,yellow,4629.24,2730.788676
2178,1360,VietMode RP-52,Outdoor,Activewear,S,red,4629.24,4397.777999999999
2179,1361,VietMode RP-53,Outdoor,Activewear,M,black,4524.5025,2532.36404925
2180,1362,VietMode RP-54,Outdoor,Activewear,L,orange,4524.5025,4298.277375
2181,1363,VietMode RP-55,Outdoor,Activewear,XL,blue,2455.74,2220.971256
2182,1364,VietMode RP-56,Outdoor,Activewear,S,white,2455.74,1855.3115700000003
2183,1365,VietMode RP-57,Outdoor,Activewear,M,purple,24.30019367206504,15.040669878849442
2184,1366,VietMode RP-58,Outdoor,Activewear,L,green,20.12852812856074,12.432412342204923
2185,1367,VietMode RP-59,Outdoor,Activewear,XL,silver,16.2568100410919,9.291864520911869
2186,1368,VietMode RP-60,Outdoor,Activewear,S,pink,60.244888138418894,37.10413662114999
2187,1369,VietMode RP-61,Outdoor,Activewear,M,yellow,5983.8530769230765,5684.660423076923
2188,1370,VietMode RP-62,Outdoor,Activewear,L,red,5983.8530769230765,3805.7305569230766
2189,1371,VietMode RP-63,Outdoor,Activewear,XL,black,43.023490728576405,25.35746206121481
2190,1372,VietMode RP-64,Outdoor,Activewear,S,orange,32.387292259066314,19.922178018104933
2191,1373,VietMode RP-65,Outdoor,Activewear,M,blue,3841.74,3307.73814
2192,1374,VietMode RP-66,Outdoor,Activewear,L,white,3841.74,3561.677154
2193,1375,VietMode RP-67,Outdoor,Activewear,XL,purple,5807.167752808989,5516.8093651685385
2194,1376,VietMode RP-68,Outdoor,Activewear,S,green,5807.167752808989,3354.220094022472
2195,1377,VietMode RP-69,Outdoor,Activewear,M,silver,37.03959407160246,20.766592996728352
2196,1378,VietMode RP-70,Outdoor,Activewear,L,pink,21.11121426566454,12.999959164029104
2197,1379,VietMode RP-71,Outdoor,Activewear,XL,yellow,3967.74,3426.5402640000007
2198,1380,VietMode RP-72,Outdoor,Activewear,S,red,3967.74,3769.353
2199,1381,VietMode RP-73,Outdoor,Activewear,M,black,4473.839999999999,4250.147999999999
2200,1382,VietMode RP-74,Outdoor,Activewear,L,orange,4473.839999999999,2538.9042
2201,1383,VietMode RP-75,Outdoor,Activewear,XL,blue,4080.615,2290.041138
2202,1384,VietMode RP-76,Outdoor,Activewear,S,white,4080.615,3104.1238305
2203,1385,VietMode RP-77,Outdoor,Activewear,M,purple,4156.74,2845.28853
2204,1386,VietMode RP-78,Outdoor,Activewear,L,green,4156.74,3322.482282
2205,1387,VietMode RP-79,Outdoor,Activewear,XL,silver,4471.74,4248.152999999999
2206,1388,VietMode RP-80,Outdoor,Activewear,S,pink,4471.74,4248.152999999999
2207,1389,VietMode RP-81,Outdoor,Activewear,M,yellow,4912.74,3875.169312
2208,1390,VietMode RP-82,Outdoor,Activewear,L,red,4912.74,3997.005264
2209,1391,VietMode RP-83,Outdoor,Activewear,XL,black,2068.3202760736194,1416.7993891104293
2210,1392,VietMode RP-84,Outdoor,Activewear,S,orange,2068.3202760736194,1296.4231490429447
2211,1393,VietMode RP-85,Outdoor,Activewear,M,blue,4564.0675862068965,2666.3282838620694
2212,1394,VietMode RP-86,Outdoor,Activewear,L,white,4564.0675862068965,3732.950878758621
2213,1395,VietMode RP-87,Outdoor,Activewear,XL,purple,4629.24,3204.359928
2214,1396,VietMode RP-88,Outdoor,Activewear,S,green,4629.24,2849.29722
2215,1397,VietMode RP-89,Outdoor,Activewear,M,silver,4178.16,3969.252
2216,1398,VietMode RP-90,Outdoor,Activewear,L,pink,4178.16,3876.496848
2217,1399,VietMode RP-91,Outdoor,Activewear,XL,yellow,88.0848709086755,57.25000190165828
2218,1400,VietMode RP-92,Outdoor,Activewear,S,red,34.87214848020078,19.34780740187828
2219,1401,VietMode RP-93,Outdoor,Activewear,M,black,4771.62,3444.155316
2220,1402,VietMode RP-94,Outdoor,Activewear,L,orange,4771.62,4533.039
2221,1403,VietMode RP-95,Outdoor,Activewear,XL,blue,34.596686716577985,22.40887660602115
2222,1404,VietMode RP-96,Outdoor,Activewear,S,white,44.26997356264685,26.14986592581897
2223,1405,VietMode RP-97,Outdoor,Activewear,M,purple,4692.24,4457.628
2224,1406,VietMode RP-98,Outdoor,Activewear,L,green,4692.24,2373.804216
2225,1407,VietMode RP-99,Outdoor,Activewear,XL,silver,5076.210588235294,4041.171249294117
2226,1408,VietMode RP-00,Outdoor,Activewear,S,pink,5076.210588235294,4212.239546117647
2227,1409,VietMode RP-01,Outdoor,Activewear,M,yellow,1233.54,878.033772
2228,1410,VietMode RP-02,Outdoor,Activewear,L,red,1233.54,706.9417740000001
2229,1411,VietMode RP-03,Outdoor,Activewear,XL,black,3054.87,2843.778483
2230,1412,VietMode RP-04,Outdoor,Activewear,S,orange,3054.87,1714.0875569999998
2231,1413,VietMode RP-05,Outdoor,Activewear,M,blue,4678.334594594594,4099.624605243243
2232,1414,VietMode RP-06,Outdoor,Activewear,L,white,4678.334594594594,4444.417864864864
2233,1415,VietMode RP-07,Outdoor,Activewear,XL,purple,5668.74,3382.537158
2234,1416,VietMode RP-08,Outdoor,Activewear,S,green,5668.74,4769.677836
2235,1417,VietMode RP-09,Outdoor,Activewear,M,silver,3778.74,1940.760864
2236,1418,VietMode RP-10,Outdoor,Activewear,L,pink,3778.74,2748.277602
2237,1419,VietMode RP-11,Outdoor,Activewear,XL,yellow,5669.15023255814,4481.46325883721
2238,1420,VietMode RP-12,Outdoor,Activewear,S,red,5669.15023255814,5128.313300372092
2239,1421,VietMode RP-13,Outdoor,Activewear,M,black,5164.74,3993.893442
2240,1422,VietMode RP-14,Outdoor,Activewear,L,orange,5164.74,3624.098058
2241,1423,VietMode RP-15,Outdoor,Activewear,XL,blue,4409.37,3329.5152870000006
2242,1424,VietMode RP-16,Outdoor,Activewear,S,white,4409.37,4188.9015
2243,1425,VietMode RP-17,Outdoor,Activewear,M,purple,3680.236655518395,2233.535626234114
2244,1426,VietMode RP-18,Outdoor,Activewear,L,green,3680.236655518395,1877.2887179799327
2245,1427,VietMode RP-19,Outdoor,Activewear,XL,silver,40.14121824045173,25.57298046060988
2246,1428,VietMode RP-20,Outdoor,Activewear,S,pink,36.21790499641724,22.753484061249328
2247,1429,VietMode RP-21,Outdoor,Activewear,M,yellow,3603.8321052631577,2048.418168631579
2248,1430,VietMode RP-22,Outdoor,Activewear,L,red,3603.8321052631577,2923.068220578947
2249,1431,VietMode RP-23,Outdoor,Activewear,XL,black,4093.74,2673.21222
2250,1432,VietMode RP-24,Outdoor,Activewear,S,orange,4093.74,3889.053
2251,1433,VietMode RP-25,Outdoor,Activewear,M,blue,4346.329468531469,4129.012995104895
2252,1434,VietMode RP-26,Outdoor,Activewear,L,white,4346.329468531469,2982.8859142531464
2253,1435,VietMode RP-27,Outdoor,Activewear,XL,purple,4004.843365384615,3125.3797623461537
2254,1436,VietMode RP-28,Outdoor,Activewear,S,green,4004.843365384615,2924.7371097403843
2255,1437,VietMode RP-29,Outdoor,Activewear,M,silver,24.138551695409124,14.644898565271449
2256,1438,VietMode RP-30,Outdoor,Activewear,L,pink,39.98831725603208,24.946508616518447
2257,1439,VietMode RP-31,Outdoor,Activewear,XL,yellow,4425.073333333334,2278.9127666666664
2258,1440,VietMode RP-32,Outdoor,Activewear,S,red,4425.073333333334,4203.819666666667
2259,1441,VietMode RP-33,Outdoor,Activewear,M,black,5598.43156996587,3174.870543327645
2260,1442,VietMode RP-34,Outdoor,Activewear,L,orange,5598.43156996587,3566.2009100682594
2261,1443,VietMode RP-35,Outdoor,Activewear,XL,blue,1348.7798230088497,1048.8111903716815
2262,1444,VietMode RP-36,Outdoor,Activewear,S,white,1348.7798230088497,1281.340831858407
2263,1445,VietMode RP-37,Outdoor,Activewear,M,purple,70.30267143482627,44.84266837480951
2264,1446,VietMode RP-38,Outdoor,Activewear,L,green,56.72233329541727,33.4896615147602
2265,1447,VietMode RP-39,Outdoor,Activewear,XL,silver,1699.74,1614.753
2266,1448,VietMode RP-40,Outdoor,Activewear,S,pink,1699.74,1242.50994
2267,1449,VietMode RP-41,Outdoor,Activewear,M,yellow,1802.115,1575.769356
2268,1450,VietMode RP-42,Outdoor,Activewear,L,red,1802.115,1309.056336
2269,1451,VietMode RP-43,Outdoor,Activewear,XL,black,4603.797692307692,4373.607807692308
2270,1452,VietMode RP-44,Outdoor,Activewear,S,orange,4603.797692307692,4373.607807692308
2271,1453,VietMode RP-45,Outdoor,Activewear,M,blue,4981.022208588956,3912.592944846626
2272,1454,VietMode RP-46,Outdoor,Activewear,L,white,4981.022208588956,4693.119124932516
2273,1455,VietMode RP-47,Outdoor,Activewear,XL,purple,62.63189484410103,36.49581282281183
2274,1456,VietMode RP-48,Outdoor,Activewear,S,green,26.991276721907333,16.647121977795205
2275,1457,VietMode RP-49,Outdoor,Activewear,M,silver,4912.74,4167.968616
2276,1458,VietMode RP-50,Outdoor,Activewear,L,pink,4912.74,4573.269666
2277,1459,VietMode RP-51,Outdoor,Activewear,XL,yellow,5669.054999999999,4710.984705
2278,1460,VietMode RP-52,Outdoor,Activewear,S,red,5669.054999999999,3895.2076905
2279,1461,VietMode RP-53,Outdoor,Activewear,M,black,22.29044412150247,14.060468749588775
2280,1462,VietMode RP-54,Outdoor,Activewear,L,orange,31.49047855235479,19.720235572541327
2281,1463,VietMode RP-55,Outdoor,Activewear,XL,blue,3275.37,2244.283524
2282,1464,VietMode RP-56,Outdoor,Activewear,S,white,3275.37,2097.8744850000003
2283,1465,VietMode RP-57,Outdoor,Activewear,M,purple,2802.24,1672.096608
2284,1466,VietMode RP-58,Outdoor,Activewear,L,green,2802.24,1524.138336
2285,1467,VietMode RP-59,Outdoor,Activewear,XL,silver,5448.87,5056.55136
2286,1468,VietMode RP-60,Outdoor,Activewear,S,pink,5448.87,2760.942429
2287,1469,VietMode RP-61,Outdoor,Activewear,M,yellow,5963.987647058823,4995.436053176471
2288,1470,VietMode RP-62,Outdoor,Activewear,L,red,5963.987647058823,5665.788264705882
2289,1471,VietMode RP-63,Outdoor,Activewear,XL,black,3202.949302325581,2458.9041793953493
2290,1472,VietMode RP-64,Outdoor,Activewear,S,orange,3202.949302325581,2647.237598372093
2291,1473,VietMode RP-65,Outdoor,Activewear,M,blue,4111.74,2674.68687
2292,1474,VietMode RP-66,Outdoor,Activewear,L,white,4111.74,3318.996528
2293,1475,VietMode RP-67,Outdoor,Activewear,XL,purple,33.86188226912265,21.32558243305248
2294,1476,VietMode RP-68,Outdoor,Activewear,S,green,51.29927437748982,30.44911170570392
2295,1477,VietMode RP-69,Outdoor,Activewear,M,silver,4030.7399999999993,2267.694324
2296,1478,VietMode RP-70,Outdoor,Activewear,L,pink,4030.7399999999993,3829.202999999999
2297,1479,VietMode RP-71,Outdoor,Activewear,XL,yellow,4469.5675862068965,2982.5424502758624
2298,1480,VietMode RP-72,Outdoor,Activewear,S,red,4469.5675862068965,3598.001906896552
2299,1481,VietMode RP-73,Outdoor,Activewear,M,black,5051.437674418605,4798.865790697674
2300,1482,VietMode RP-74,Outdoor,Activewear,L,orange,5051.437674418605,3821.917744465117
2301,1483,VietMode RP-75,Outdoor,Activewear,XL,blue,984.4328571428572,641.5548930000001
2302,1484,VietMode RP-76,Outdoor,Activewear,S,white,984.4328571428572,935.2112142857142
2303,1485,VietMode RP-77,Outdoor,Activewear,M,purple,4230.24,2410.813776
2304,1486,VietMode RP-78,Outdoor,Activewear,L,green,4230.24,4018.728
2305,1487,VietMode RP-79,Outdoor,Activewear,XL,silver,6219.408461538462,5908.438038461539
2306,1488,VietMode RP-80,Outdoor,Activewear,S,pink,6219.408461538462,5736.160424076923
2307,1489,VietMode RP-81,Outdoor,Activewear,M,yellow,3248.5471597633136,2722.2825198816568
2308,1490,VietMode RP-82,Outdoor,Activewear,L,red,3248.5471597633136,3086.119801775148
2309,1491,VietMode RP-83,Outdoor,Activewear,XL,black,3652.74,2082.0618
2310,1492,VietMode RP-84,Outdoor,Activewear,S,orange,3652.74,2041.516386
2311,1493,VietMode RP-85,Outdoor,Activewear,M,blue,4610.885236363636,3650.898930152728
2312,1494,VietMode RP-86,Outdoor,Activewear,L,white,4610.885236363636,2685.840650181818
2313,1495,VietMode RP-87,Outdoor,Activewear,XL,purple,4625.339310344828,4394.072344827587
2314,1496,VietMode RP-88,Outdoor,Activewear,S,green,4625.339310344828,2817.2941739310345
2315,1497,VietMode RP-89,Outdoor,Activewear,M,silver,5669.37,5385.9015
2316,1498,VietMode RP-90,Outdoor,Activewear,L,pink,5669.37,3994.071165
2317,1499,VietMode RP-91,Outdoor,Activewear,XL,yellow,16.827494871169623,10.631332286958514
2318,1500,VietMode RP-92,Outdoor,Activewear,S,red,61.05774939903527,34.315731607300734
2319,1501,VietMode RP-93,Outdoor,Activewear,M,black,4400.339999999999,3290.134218
2320,1502,VietMode RP-94,Outdoor,Activewear,L,orange,4400.339999999999,2938.107018
2321,1503,VietMode RP-95,Outdoor,Activewear,XL,blue,4245.681176470588,3343.898494588236
2322,1504,VietMode RP-96,Outdoor,Activewear,S,white,4245.681176470588,3142.653206823529
2323,1505,VietMode RP-97,Outdoor,Activewear,M,purple,31.087221191106483,18.790636957554064
2324,1506,VietMode RP-98,Outdoor,Activewear,L,green,27.91732801988607,15.370607052345465
2325,1507,VietMode RP-99,Outdoor,Activewear,XL,silver,1537.08912,860.308780464
2326,1508,VietMode RP-00,Outdoor,Activewear,S,pink,1537.08912,1460.2346639999998
2327,1509,VietMode RP-01,Outdoor,Activewear,M,yellow,22.090734117325905,12.866937691187092
2328,1510,VietMode RP-02,Outdoor,Activewear,L,red,17.08254755058683,10.021410812312926
2329,1511,VietMode RP-03,Outdoor,Activewear,XL,black,4566.24,4337.928
2330,1512,VietMode RP-04,Outdoor,Activewear,S,orange,4566.24,3794.54544
2331,1513,VietMode RP-05,Outdoor,Activewear,M,blue,4848.653793103448,2439.357723310345
2332,1514,VietMode RP-06,Outdoor,Activewear,L,white,4848.653793103448,4606.221103448275
2333,1515,VietMode RP-07,Outdoor,Activewear,XL,purple,46.028843545558566,27.139401033967737
2334,1516,VietMode RP-08,Outdoor,Activewear,S,green,34.10101628332273,21.127172809812297
2335,1517,VietMode RP-09,Outdoor,Activewear,M,silver,2317.901162207358,1762.0684635100336
2336,1518,VietMode RP-10,Outdoor,Activewear,L,pink,2317.901162207358,2173.2641296856186
2337,1519,VietMode RP-11,Outdoor,Activewear,XL,yellow,2622.8902649006623,2278.5047731192053
2338,1520,VietMode RP-12,Outdoor,Activewear,S,red,2622.8902649006623,2491.745751655629
2339,1521,VietMode RP-13,Outdoor,Activewear,M,black,6298.74,4021.74549
2340,1522,VietMode RP-14,Outdoor,Activewear,L,orange,6298.74,5983.803
2341,1523,VietMode RP-15,Outdoor,Activewear,XL,blue,4011.274505119454,3810.710779863481
2342,1524,VietMode RP-16,Outdoor,Activewear,S,white,4011.274505119454,2500.227399040956
2343,1525,VietMode RP-17,Outdoor,Activewear,M,purple,19.76703478014193,11.639933279269748
2344,1526,VietMode RP-18,Outdoor,Activewear,L,green,19.72661010784178,11.734755974447957
2345,1527,VietMode RP-19,Outdoor,Activewear,XL,silver,4448.666249999999,4226.232937499999
2346,1528,VietMode RP-20,Outdoor,Activewear,S,pink,4448.666249999999,3015.750850875
2347,1529,VietMode RP-21,Outdoor,Activewear,M,yellow,4668.84197260274,4435.399873972602
2348,1530,VietMode RP-22,Outdoor,Activewear,L,red,4668.84197260274,3285.464096120548
2349,1531,VietMode RP-23,Outdoor,Activewear,XL,black,5354.37,2882.257371
2350,1532,VietMode RP-24,Outdoor,Activewear,S,orange,5354.37,5086.6515
2351,1533,VietMode RP-25,Outdoor,Activewear,M,blue,28.95335597037216,16.612115761692397
2352,1534,VietMode RP-26,Outdoor,Activewear,L,white,64.56087712806476,37.918228726156805
2353,1535,VietMode RP-27,Outdoor,Activewear,XL,purple,29.84936180235849,17.09553432438367
2354,1536,VietMode RP-28,Outdoor,Activewear,S,green,18.1513115308442,10.116081543475204
2355,1537,VietMode RP-29,Outdoor,Activewear,M,silver,30.01516561307629,18.319602034123964
2356,1538,VietMode RP-30,Outdoor,Activewear,L,pink,29.69297756122445,18.315260422035152
2357,1539,VietMode RP-31,Outdoor,Activewear,XL,yellow,4534.74,4308.003
2358,1540,VietMode RP-32,Outdoor,Activewear,S,red,4534.74,2815.620066
2359,1541,VietMode RP-33,Outdoor,Activewear,M,black,4865.717011173184,4089.6351478910615
2360,1542,VietMode RP-34,Outdoor,Activewear,L,orange,4865.717011173184,4293.995262360335
2361,1543,VietMode RP-35,Outdoor,Activewear,XL,blue,4093.74,2254.013244
2362,1544,VietMode RP-36,Outdoor,Activewear,S,white,4093.74,3134.576718
2363,1545,VietMode RP-37,Outdoor,Activewear,M,purple,4695.103636363637,2763.5380003636365
2364,1546,VietMode RP-38,Outdoor,Activewear,L,green,4695.103636363637,3569.6872947272727
2365,1547,VietMode RP-39,Outdoor,Activewear,XL,silver,4241.653043478261,3226.6254701739126
2366,1548,VietMode RP-40,Outdoor,Activewear,S,pink,4241.653043478261,3493.001281304348
2367,1549,VietMode RP-41,Outdoor,Activewear,M,yellow,5038.74,4786.803
2368,1550,VietMode RP-42,Outdoor,Activewear,L,red,5038.74,2568.245778
2369,1551,VietMode RP-43,Outdoor,Activewear,XL,black,5038.74,4786.803
2370,1552,VietMode RP-44,Outdoor,Activewear,S,orange,5038.74,4378.161185999999
2371,1553,VietMode RP-45,Outdoor,Activewear,M,blue,11.259872989175507,6.890468405455395
2372,1554,VietMode RP-46,Outdoor,Activewear,L,white,32.404005878884256,19.324109605400498
2373,1555,VietMode RP-47,Outdoor,Activewear,XL,purple,3716.37,2789.878959
2374,1556,VietMode RP-48,Outdoor,Activewear,S,green,3716.37,3061.173969
2375,1557,VietMode RP-49,Outdoor,Activewear,M,silver,5479.74,3912.53436
2376,1558,VietMode RP-50,Outdoor,Activewear,L,pink,5479.74,5205.753
2377,1559,VietMode RP-51,Outdoor,Activewear,XL,yellow,4556.323333333333,4328.507166666666
2378,1560,VietMode RP-52,Outdoor,Activewear,S,red,4556.323333333333,3423.1657203333334
2379,1561,VietMode RP-53,Outdoor,Activewear,M,black,4970.07,4721.5665
2380,1562,VietMode RP-54,Outdoor,Activewear,L,orange,4970.07,2879.6585580000005
2381,1233,VietMode MP-01,Casual,Activewear,M,blue,30.19348546151529,17.753122647066597
2382,1234,VietMode MP-02,Casual,Activewear,L,white,43.7496033258746,27.83933229989573
2383,1235,VietMode MP-03,Casual,Activewear,XL,purple,5794.74,5505.003
2384,1236,VietMode MP-04,Casual,Activewear,S,green,5794.74,4156.567002
2385,1237,VietMode MP-05,Casual,Activewear,M,silver,69.37887580587473,41.75971276363685
2386,1238,VietMode MP-06,Casual,Activewear,L,pink,51.96788916691951,31.07254611255156
2387,1239,VietMode MP-07,Casual,Activewear,XL,yellow,5669.37,3362.503347
2388,1240,VietMode MP-08,Casual,Activewear,S,red,5669.37,5385.9015
2389,1241,VietMode MP-09,Casual,Activewear,M,black,4786.74,4467.943116
2390,1242,VietMode MP-10,Casual,Activewear,L,orange,4786.74,3972.515526
2391,1243,VietMode MP-11,Casual,Activewear,XL,blue,5794.74,3022.536384
2392,1244,VietMode MP-12,Casual,Activewear,S,white,5794.74,4177.428066
2393,1245,VietMode MP-13,Casual,Activewear,M,purple,6110.37,3479.855715
2394,1246,VietMode MP-14,Casual,Activewear,L,green,6110.37,4080.505086
2395,1247,VietMode MP-15,Casual,Activewear,XL,silver,5983.74,5684.553
2396,1248,VietMode MP-16,Casual,Activewear,S,pink,5983.74,4605.684678
2397,1249,VietMode MP-17,Casual,Activewear,M,yellow,4976.37,3661.613046
2398,1250,VietMode MP-18,Casual,Activewear,L,red,4976.37,3635.735922
2399,1251,VietMode MP-19,Casual,Activewear,XL,black,5164.74,3167.018568
2400,1252,VietMode MP-20,Casual,Activewear,S,orange,5164.74,2973.857292
2401,1253,VietMode MP-21,Casual,Activewear,M,blue,5353.74,4589.225928
2402,1254,VietMode MP-22,Casual,Activewear,L,white,5353.74,5086.053
2403,1255,VietMode MP-23,Casual,Activewear,XL,purple,29.73856010572593,16.43246386967123
2404,1256,VietMode MP-24,Casual,Activewear,S,green,21.2719570851152,12.425477311278598
2405,1257,VietMode MP-25,Casual,Activewear,M,silver,92.69772412503598,54.50807512714566
2406,1258,VietMode MP-26,Casual,Activewear,L,pink,33.909234234994784,20.00245633881564
2407,1259,VietMode MP-27,Casual,Activewear,XL,yellow,4603.34,2585.235744
2408,1260,VietMode MP-28,Casual,Activewear,S,red,4603.34,2553.9330320000004
2409,1261,VietMode MP-29,Casual,Activewear,M,black,5983.876433121019,4653.660702038217
2410,1262,VietMode MP-30,Casual,Activewear,L,orange,5983.876433121019,5684.682611464968
2411,1263,VietMode MP-31,Casual,Activewear,XL,blue,5984.37,5685.1515
2412,1264,VietMode MP-32,Casual,Activewear,S,white,5984.37,3719.884392
